;Sigla da Matéria Legislativa;Ano da propositura;Número da propositura;Ano da propositura.1;Ementa (texto em linha única);Ind. Destinatário;Ind. Motivo;Ind. Endereco;Ind. Adm.Regional;Ind. Bairro;Nome;Partido (último)
12;IND;;1527;1991;SRA. PREFEITA EXTENSÃO DA LINHA DE TROLEIBUS N. 2.340.BAIRRO PENHA. AR-SE E AR-PE.;;PENHA/TROLEIBUSLINHA DE ONIBUS 2340;;;VILA BUENOS AIRES (AR-PE);WALTER ABRAHAO;PARTIDO PROGRESSISTA REFORMADOR
61;IND;;1576;1991;SRA. PREFEITA CONSTRUÇÃO DE UMA ÁREA DE LAZER, C/QUADRA DE FUTE BOL DE SALÃO, VOLEIBOL, PISCINA E PARQUE INFANTIL P/OS MORADORES DOS BAIRROS JD. BRITÂNIA E VL.JARAGUÁ, AR-PJ.;;AREA DE LAZER/QUADRA DE ESPORTESSOCIEDADE AMIGOS DO JARDIM BRITANIA E VILA JARAGUA;;;VILA JARAGUA;JAMIL ACHOA;PART.DO MOVIMENTO DEMOCRATICO BRASILEIRO
64;IND;;1579;1991;SRA. PREFEITA CONSTRUÇÃO DE UM PRONTO-SOCORRO NO BAIRRO JD.BRITÂNIA, AR.PJ.;;SOCIEDADE AMIGOS DO JARDIM BRITANIA E VILA JARAGUAPRONTO SOCORRO;;;JARDIM BRITANIA;JAMIL ACHOA;PART.DO MOVIMENTO DEMOCRATICO BRASILEIRO
65;IND;;1580;1991;SRA. PREFEITA CONSTRUÇÃO DE UM POSTO DE SAÚDE NO BAIRRO JD.BRITÂNIA, AR-PJ.;;POSTO DE SAUDESOCIEDADE AMIGOS DO JARDIM BRITANIA E VILA JARAGUA;;;JARDIM BRITANIA;JAMIL ACHOA;PART.DO MOVIMENTO DEMOCRATICO BRASILEIRO
67;IND;;1582;1991;SRA. PREFEITA CONSTRUÇÃO DE UM POSTO DE SAÚDE P/O BAIRRO JD.ANGELA, REGIONAL DE CAMPO LIMPO (PRÓXIMO À ESTRADA DE ITAPECERICA).;;POSTO DE SAUDE;;;JARDIM ANGELA (AR-CL);ARMELINDO PASSONI;PARTIDO DOS TRABALHADORES
68;IND;;1583;1991;SRA. PREFEITA CONSTRUÇÃO DE UMA ESCOLA P/O BAIRRO JD.ÂNGELA, AR -CAMPO LIMPO (PRÓXIMA À ESTRADA DE ITAPECERICA).;;ESCOLA MUNICIPAL;;AR-CL;JARDIM ANGELA (AR-CL);ARMELINDO PASSONI;PARTIDO DOS TRABALHADORES
73;IND;;1588;1991;SRA. PREFEITA CANALIZAÇÃO DO CÓRREGO DA CHÁCARA SONHO AZUL,BAIR RO SONHO AZUL, AR-CAMPO LIMPO.;;CANALIZACAO DE CORREGOCORREGO DA CHACARA SONHO AZUL;;AR-CL;CHACARA SONHO AZUL;ARMELINDO PASSONI;PARTIDO DOS TRABALHADORES
77;IND;;1592;1991;SRA. PREFEITA OFICIALIZAÇÃO DAS R.DO BAIRRO CHÁCARA SONHO AZUL, AR-CAMPO LIMPO.;;OFICIALIZACAO DE LOGRADOURO;;;CHACARA SONHO AZUL;ARMELINDO PASSONI;PARTIDO DOS TRABALHADORES
80;IND;;1595;1991;SRA. PREFEITA CONSTRUÇÃO DE UMA E.M.E.I. (ESCOLA MUNICIPAL DE EDUCAÇÃO INFANTIL), P/ATENDER OS BAIRROS DE JD.STA.JOSEFINA,JD. VERGUEIRO,JD.S.FRANCISCO DE ASSIS,PIRAPORINHA E ADJACÊNCIAS.;;ESCOLA MUNICIPAL DE EDUCACAO INFANTIL/PIRAPORINHASECRETARIA MUNICIPAL DE EDUCACAO - SME;;;JARDIM SANTA JOSEFINA;ARMELINDO PASSONI;PARTIDO DOS TRABALHADORES
124;IND;;1639;1991;SECRETARIA DOS NEGÓCIOS DA SEGURANÇA PÚBLICA - IMPLANTAÇÃO DE UM POSTO POLICIAL NA VILA IARA - PIRITUBA.;;PIRITUBA/POSTO POLICIALSECRETARIA DE ESTADO DA SEGURANCA PUBLICA;;;VILA IARA;ANTONIO JOSE DA SILVA FILHO;PART.DO MOVIMENTO DEMOCRATICO BRASILEIRO
131;IND;;1646;1991;SRA. PREFEITA CONSTRUÇÃO DE UMA CRECHE PARA O BAIRRO JD. HERCULANO.;;CRECHE;;;JARDIM HERCULANO;ARMELINDO PASSONI;PARTIDO DOS TRABALHADORES
136;IND;;1651;1991;"SRA. PREFEITA CANALIZAÇÃO DO ""CÓRREGO DO CURTUME"", BAIRRO JD. CRISTÁLIA, AR-CAMPO LIMPO.";;CANALIZACAO DE CORREGOCORREGO DO CURTUME;;;JARDIM CRISTALIA;ARMELINDO PASSONI;PARTIDO DOS TRABALHADORES
157;IND;;1672;1991;SECRETARIO DE ESTADO DA SEGURANÇA PUBLICA - POLICIAMENTO P/ A REGIÃO QUE COMPREENDE OS BAIRROS DE V.PEREIRA BARRETO E V.IARA, EM PIRITUBA.;;PIRITUBA/SECRETARIA DE ESTADO DA SEGURANCA PUBLICAVILA IARA/POLICIAMENTO;;;VILA PEREIRA BARRETO;LUIZ CARLOS MORAES DE MOURA;PARTIDO COMUNISTA BRASILEIRO
194;IND;;1709;1991;SRA. PREFEITA DESIGNAR PARA PRESTAREM SERVIÇOS NO PAM, PROFA.MA RIACECILIA FERRO DONANGELLO DE VILA PENTEADO, AUXILIARES ADMINIS TRATIVOS E MÉDICOS EM GERAL.;;MEDICO/PAM PROFA. MARIA CECILIA FERRO DONNANGELOSERVIDOR DA SAUDE;;;VILA PENTEADO (AR-FO);JOSE VIVIANI FERRAZ;PARTIDO LIBERAL
208;IND;;1723;1991;SRA. PREFEITA CONSTRUÇÃO DE UMA CRECHE NO BAIRRO JD. MARIA ISABEL, AR-CL.;;CRECHE;;AR-CL;JARDIM MARIA ISABEL;ARMELINDO PASSONI;PARTIDO DOS TRABALHADORES
209;IND;;1724;1991;SRA. PREFEITA CONSTRUÇÃO DE UMA CRECHE NO BAIRRO JD. IRENE, ARCL.;;CRECHE;;AR-CL;JARDIM IRENE (AR-CL);ARMELINDO PASSONI;PARTIDO DOS TRABALHADORES
220;IND;;1735;1991;SRA. PREFEITA CONSTRUÇÃO DE UMA CRECHE PARA O BAIRRO ALTO DO RI VIERA, AR-CL.;;CRECHE;;AR-CL;ALTO DA RIVIERA;ARMELINDO PASSONI;PARTIDO DOS TRABALHADORES
221;IND;;1736;1991;SRA. PREFEITA CONSTRUÇÃO DE UM POSTO DE SAÚDE PARA O BAIRRO JD. IRENE, AR-CL.;;POSTO DE SAUDE;;AR-CL;JARDIM IRENE (AR-CL);ARMELINDO PASSONI;PARTIDO DOS TRABALHADORES
238;IND;;1753;1991;"SRA. PREFEITA DENOMINAR ""ANGELO CARDOMINGO""UMA DAS VIELAS INOMI NADAS SITUADAS NO JD. BRASIL.";;DENOMINACAO DE LOGRADOURO/VIELAANGELO CARDOMINGO;;;JARDIM BRASIL (AR-MG);LUIZ PAULO GNECCO;PARTIDO COMUNISTA BRASILEIRO
263;IND;;1778;1991;SRA. PREFEITA IMPLANTAÇÃO DE UMA LINHA DE ÔNIBUS LIGANDO O JD. NOSSA SRA. APARECIDA AO CENTRO DA CIDADE.;;ZONA CENTRAL/CMTCLINHA DE ONIBUS;;;JARDIM NOSSA SENHORA APAR;EUSTAQUIO VITAL NOLASCO;PARTIDO COMUNISTA DO BRASIL
287;IND;;1802;1991;SRA. PREFEITA IMPLANTAÇÃO DE LINHA DE ONIBUS - V.PRUDENTE/V.MARIANA, VILA PRUDENTE, AR/VP.;;VILA MARIANALINHA DE ONIBUS;;AR-VP;VILA PRUDENTE;WALTER ABRAHAO;PARTIDO PROGRESSISTA REFORMADOR
325;IND;;1840;1991;SRA. PREFEITA PAVIMENTAÇÃO DA R.EXISTENTE, CAD.LOG.25.566-1, V.CHABILANDIA,GUAIANASES, AR/IQ.;;GUAIANASES/LOGRADOURO PUBLICOPAVIMENTACAO;;AR-IQ;VILA CHABILANDIA;JOSE GUILHERME GIANETTI;PART.DO MOVIMENTO DEMOCRATICO BRASILEIRO
342;IND;;1857;1991;SRA. PREFEITA CANALIZAÇÃO DO CÓRREGO MANDI - JD.MARINA.;;CORREGO MANDICANALIZACAO DE CORREGO;;AR-FO;JARDIM MARINA (AR-FO);ANTONIO JOSE DA SILVA FILHO;PART.DO MOVIMENTO DEMOCRATICO BRASILEIRO
352;IND;;1867;1991;SRA. PREFEITA CONSTRUÇÃO DE CRECHE, VILA MARA, S.MIGUEL PAULISTA, AR/MP.;;SAO MIGUEL PAULISTACRECHE;;AR-MP;VILA MARA;JOSE GUILHERME GIANETTI;PART.DO MOVIMENTO DEMOCRATICO BRASILEIRO
400;IND;;1915;1991;SRA. PREFEITA POSTO DE SAÚDE MUNICIPAL JD.WILMA FLOR, GUAIANAES AR-IG.;;POSTO DE SAUDEGUAIANASES;;AR-IQ;JARDIM VILMA FLOR;ALBERTINO ALVES NOBRE;PARTIDO TRABALHISTA BRASILEIRO
401;IND;;1916;1991;SRA. PREFEITA ESCOLA DE 1O.GRAU MUNICIPAL, JD.WILMA, GUAIANAZES AR/IG.;;GUAIANASES/ESCOLA MUNICIPALESCOLA MUNICIPAL DE PRIMEIRO GRAU;;AR-IQ;JARDIM VILMA FLOR;ALBERTINO ALVES NOBRE;PARTIDO TRABALHISTA BRASILEIRO
430;IND;;1945;1991;SRA. PREFEITA PLACAS INDICATIVAS DE CADA BAIRRO.;;PLACA DENOMINATIVA;;;BAIRROS;FRANCISCO SANTOS BATISTA FILHO;PARTIDO TRABALHISTA BRASILEIRO
441;IND;;1956;1991;SRA. PREFEITA CANALIZAÇÃO P/O CÓRREGO GUAVIRUTUBA, JD.STA.ZÉLIA;;CANALIZACAO DE CORREGOCORREGO GUAVIRUTUBA;;;JARDIM SANTA ZELIA;ANTONIO CARLOS CARUSO;PART.DO MOVIMENTO DEMOCRATICO BRASILEIRO
491;IND;;2006;1991;SRA. PREFEITA-COLOCAÇÃO DE ILUMINAÇÃO DE SÓDIO, PÇA. DO JD.VAZ DE LIMA, PQ.STO.ANTONIO, AR-CL.;;PRACA/ILUMINACAO PUBLICAJARDIM VAZ DE LIMA;;AR-CL;PARQUE SANTO ANTONIO (AR-;OSVALDO GIANNOTTI;PARTIDO PROGRESSISTA BRASILEIRO
524;IND;;2039;1991;À SRA. PREFEITA A NECESSIDADE DE PROVIDÊNCIAS, JUNTO AOS ÓRGÃOS COMPETENTES, PARA QUE SE PROCEDA A EDIFICAÇÃO DE UMA BIBLIOTECA PÚBLICA MUNICIPAL,COM ANFITEATRO, PARA ATENDIMENTO DA POPULAÇÃO DO BAIRRO CIDADE SÃO MATHEUS.;;BIBLIOTECA PUBLICAANFITEATRO;;AR-IQ;CIDADE SAO MATEUS;GILSON ALMEIDA BARRETO;PARTIDO DA SOCIAL DEMOCRACIA BRASILEIRA
525;IND;;2040;1991;À SRA. PREFEITA A NECESSIDADE DE PROVIDÊNCIAS, JUNTO AOS ÓRGÃOS COMPETENTES, PARA QUE SE PROCEDA A INSTALAÇÃO DE UMA BIBLIOTE PÚBLICA MUNICIPAL NO BAIRRO CIDADE SÃO MATHEUS.;;BIBLIOTECA PUBLICA;;AR-IQ;CIDADE SAO MATEUS;GILSON ALMEIDA BARRETO;PARTIDO DA SOCIAL DEMOCRACIA BRASILEIRA
545;IND;;2060;1991;À SRA. PREFEITA A NECESSIDADE DE PROVIDÊNCIAS, JUNTO AOS ÓRGÃOS COMPETENTES ASSUNTO: PAVIMENTAÇÃO, LOCAL: RUA EXISTENTE,BAIRRO JARDIM PROGRESSO AR/CS.;;PAVIMENTACAOLOGRADOURO PUBLICO;;AR-CS;JARDIM PROGRESSO;ANTONIO CARLOS CARUSO;PART.DO MOVIMENTO DEMOCRATICO BRASILEIRO
547;IND;;2062;1991;À SRA. PREFEITA A NECESSIDADE DE PROVIDÊNCIAS, JUNTO AOS ÓRGÃOS COMPETENTES ASSUNTO:CONSTRUÇÃO DE CRECHE,LOCAL:JARDIM MÁLIA II.;;CRECHE;;AR-CS;JARDIM MALIA II;ANTONIO CARLOS CARUSO;PART.DO MOVIMENTO DEMOCRATICO BRASILEIRO
563;IND;;2078;1991;À SRA. PREFEITA A NECESSIDADE DE PROVIDÊNCIAS, JUNTO AOS ÓRGÃOS COMPETENTES ASSUNTO: PAVIMENTAÇÃO - LOCAL: RUA EXISTENTE BAIRRO PARQUE DO ENGENHO - AR/CL.;;PAVIMENTACAOLOGRADOURO PUBLICO;;AR-CL;PARQUE DO ENGENHO;ANTONIO CARLOS CARUSO;PART.DO MOVIMENTO DEMOCRATICO BRASILEIRO
712;IND;;2227;1991;À SRA. PREFEITA ASSUNTO:CESSÃO DE ÁREA, POR 90 ANOS, DE 13.000 LOCALIZADA NO SETOR 78, QUADRA 490, LOCAL: CITY AMERICA, BAIRRO: PARQUE SÃO DOMINGOS, AR/PIRITUBA.;;CESSAO DE AREA/SOCIEDADE AMIGOS DE CITY AMERICAAR PIRITUBA/JARAGUA/CITY AMERICA;;;PARQUE SAO DOMINGOS;WALTER ABRAHAO;PARTIDO PROGRESSISTA REFORMADOR
717;IND;;2232;1991;À SRA. PREFEITA ASSUNTO: CONSTRUÇÃO DE CRECHE, BAIRRO: JARDIM MÁLIA II.;;CRECHE;;AR-CS;JARDIM MALIA;ANTONIO CARLOS CARUSO;PART.DO MOVIMENTO DEMOCRATICO BRASILEIRO
718;IND;;2233;1991;À SRA. PREFEITA ASSUNTO: CONSTRUÇÃO DE POSTO DE SAÚDE, BAIRRO: JARDIM MÁLIA II.;;POSTO DE SAUDE;;AR-CS;JARDIM MALIA;ANTONIO CARLOS CARUSO;PART.DO MOVIMENTO DEMOCRATICO BRASILEIRO
727;IND;;2242;1991;À SRA. PREFEITA ASSUNTO: PAVIMENTAÇÃO, LOCAL: RUA EXISTENTE, BAIRRO: PARQUE DO ENGENHO.;;PAVIMENTACAOLOGRADOURO PUBLICO;;AR-CL;PARQUE DO ENGENHO;ANTONIO CARLOS CARUSO;PART.DO MOVIMENTO DEMOCRATICO BRASILEIRO
764;IND;;2279;1991;À SRA. PREFEITA ASSUNTO: ASSUNTO: PROLONGAMENTO DO TRAJETO DAL LINHA CMTC 8537 JD. MORRO GRANDE ATÉ A VILA IARA.;;LINHA DE ONIBUS 8537JARDIM MORRO GRANDE;;AR-FO;VILA IARA;ARNALDO DE ABREU MADEIRA;PARTIDO DA SOCIAL DEMOCRACIA BRASILEIRA
765;IND;;2280;1991;À SRA. PREFEITA ASSUNTO: AMPLIAÇÃO DA LINHA DE ÔNIBUS, COM DESTINO JD. PIRITUBA CENTRO.;;ONIBUSLINHA DE ONIBUS;;AR-PR;JARDIM PIRITUBA;ARNALDO DE ABREU MADEIRA;PARTIDO DA SOCIAL DEMOCRACIA BRASILEIRA
809;IND;;2324;1991;À SRA. PREFEITA ASSUNTO: REDE DE ÁGUAS E ESGOTOS, NO JD.DA CON QUISTA, CONHECIDO COMO SITIÃO DO CARRÃZINHO, BAIRRO: PARQUE BOA ESPERANÇA FINAL DA RUA FRANCISCO DE MELLO PALHETA JD. VILA CARRÃO, VILA BELA E JD. IGUATEMI.;;JARDIM DA CONQUISTA/REDE DE AGUAREDE DE ESGOTO;;AR-SM;PARQUE BOA ESPERANCA;ARNALDO DE ABREU MADEIRA;PARTIDO DA SOCIAL DEMOCRACIA BRASILEIRA
813;IND;;2328;1991;À SRA. PREFEITA ASSUNTO: INVASÃO DE UM CAMPO DE FUTEBOL, ADMI NISTRADO PELO SAPUCAIA F.C. , LOCAL: JD. PAQUETÁ E V. ZATT.;;CAMPO DE FUTEBOL/SAPUCAIA FUTEBOL CLUBE/INVASAOAR PIRITUBA/JARAGUA;;;JARDIM PAQUETA (AR-PJ);JUAREZ SOARES MOREIRA;PARTIDO DOS TRABALHADORES
826;IND;;2341;1991;À SRA. PREFEITA ASSUNTO: CANALIZAÇÃO DE CORREGO, LOCAL: CÓRREGO GUAVIRITUBA, BAIRRO: JD. SANTA ZÉLIA.;;CORREGO GUAVIRUTUBACANALIZACAO DE CORREGO;;AR-CL;JARDIM SANTA ZELIA;ANTONIO CARLOS CARUSO;PART.DO MOVIMENTO DEMOCRATICO BRASILEIRO
837;IND;;2352;1991;À SRA. PREFEITA ASSUNTO: IMPLANTAR REDE DE ENERGIA ELÉTRICA(I LUMINAÇÃO PÚBLICA E RESIDENCIAL) NO JD. DA CONQUISTA, LOCALIZADA ENTRE OS BAIRROS PARQUE BOA ESPERANÇAFINAL DA RUA FRANCISCO DE MELLO PALHETA.;;JARDIM DA CONQUISTA/ENERGIA ELETRICAILUMINACAO PUBLICA;;AR-SM;PARQUE BOA ESPERANCA;ARNALDO DE ABREU MADEIRA;PARTIDO DA SOCIAL DEMOCRACIA BRASILEIRA
841;IND;;2356;1991;À SABESP, SOLUCIONAR OS PROBLEMAS QUE LEVAM À CONSTANTES FALTA DE ÁGUA, AFORA O RACIONAMENTO NORMAL DE DOIS DIAS POR SEMANA, NA VILA NATÁLIA.;;ABASTECIMENTO DE AGUASABESP;;AR-IP;VILA NATALIA;ANTONIO JOSE DA SILVA FILHO;PART.DO MOVIMENTO DEMOCRATICO BRASILEIRO
873;IND;;2388;1991;À SRA. PREFEITA ASSUNTO: PEDIDO DE UMA PONTE LIGANDO JD.CAMARGO NOVO COM O JD. DAS OLIVEIRAS, LOCAL: JD. CAMARGO NOVO AO JD. DAS OLIVEIRAS, BAIRRO: ITAIM PAULISTA.;;JARDIM CAMARGO NOVO/PONTEITAIM PAULISTA;;AR-MP;JARDIM DAS OLIVEIRAS (AR-;ALBERTINO ALVES NOBRE;PARTIDO TRABALHISTA BRASILEIRO
1001;IND;;2516;1991;À SABESP CIA. DE SANEAMENTO BÁSICO DO ESTADO DE SÃO PAULO, PROVIDÊNCIAS URGENTES NO SENTIDO DE AGILIZAR O PROLONGAMENTO DA REDE DE ÁGUA PARA A VIELA PARTICULAR,BAIRRO: JARDIM MARJONEL.;;ABASTECIMENTO DE AGUA/REDE DE AGUASABESP;;;JARDIM MARJONEL;LUIZ PAULO GNECCO;PARTIDO COMUNISTA BRASILEIRO
1014;IND;;2529;1991;À SRA. PREFEITA ASSUNTO: PROLONGAMENTO DE LINHA DE ÔNIBUS, LOCAL: LINHA 9034 LAPA MORRO GRANDE ATÉ VILA IARA, BAIRRO: VILA IARA AR/LAPA.;;ITINERARIO DE ONIBUS/TRANSPORTE COLETIVO URBANOLINHA DE ONIBUS 9034;;;VILA IARA;ALMIR GUIMARAES DE OLIVEIRA;PARTIDO DEMOCRATICO TRABALHISTA
1061;IND;;2576;1991;À SRA. PREFEITA ASSUNTO: ILUMINAÇÃO PÚBLICA, LOCAL:RUA ICOUARA, VILA SANTA TEREZINHA AR/IQ.;;ILUMINACAO PUBLICAICOUARA,R.;;AR-IQ;VILA SANTA TERESINHA (AR-;MARIO MASANOBU NODA;PARTIDO TRABALHISTA BRASILEIRO
1105;IND;;2620;1991;SRA. PREFEITA ESCOLA DE 1O. GRAUE UMA CRECHE.;;ESCOLA MUNICIPAL DE PRIMEIRO GRAUCRECHE;;AR-PR;VILA SANTA CRUZ (AR-PR);JOSE VIVIANI FERRAZ;PARTIDO LIBERAL
1106;IND;;2621;1991;SRA. PREFEITA INTERCEDER JUNTO AO DEPARTAMENTO COMPETENTE PARA QUE A LINHA DE ÔNIBUS CIRCULAR - PERUS, SE ESTENDA ATÉ O JD. STA. CRUZ PERUS.;;LINHA DE ONIBUS 998P;;AR-PR;VILA SANTA CRUZ (AR-PR);JOSE VIVIANI FERRAZ;PARTIDO LIBERAL
1149;IND;;2664;1991;SRA. PREFEITA LINHA DE TRANSPORTE COLETIVO DO JD. STA. FÉ ATÉ A ESTAÇÃO DE PERUS.;;TRANSPORTE COLETIVO URBANOLINHA DE ONIBUS/ESTACAO FERROVIARIA PERUS;;AR-PR;JARDIM SANTA FE (AR-PR);JOSE VIVIANI FERRAZ;PARTIDO LIBERAL
1154;IND;;2669;1991;"SRA. PREFEITA LINHA DE ONIBUS 8537 MORRO GRANDE/PCA. DA REPUBLI CA: 1) FISCALIZACAO DE ORARIOS; 2) VELOCIDADE EXCESSIVA, BAIRRO MORRO GRANDE, AR/FO.";;CMTC/HORARIO DE ONIBUS/FISCALIZACAO DE TRANSITOLINHA DE ONIBUS 8537;;;VILA MORRO GRANDE;WALTER ABRAHAO;PARTIDO PROGRESSISTA REFORMADOR
1188;IND;;2703;1991;SRA. PREFEITA DENOMINAÇÃO DE FLAVIO IAZZETTI A UM LOGRADOURO LO CALIZADO NOS BAIRROS ÁGUA BRANCA OU MOÓCA.;;MOOCA/FLAVIO IAZZETTI/DENOMINACAO DE LOGRADOUROLOGRADOURO PUBLICO;;;AGUA BRANCA (BAIRRO);WALTER ABRAHAO;PARTIDO PROGRESSISTA REFORMADOR
1204;IND;;6;1992;À SRA. PREFEITA ASSUNTO: INSTALAÇÃO E CONSTRUÇÃO DE BIBLIOTECA/ CENTRO CULTURAL NA REGIONAL DE CAMPO LIMPO, VISANDO ATENDER A CO MUNIDADE DE PARQUE ARARIBÁ, JARDIM IRIGÁ, PARQUE RÉGINA E JARDIM SÃO ROQUE.;;BIBLIOTECA PUBLICACENTRO CULTURAL;;AR-CL;PARQUE ARARIBA;WALTER ABRAHAO;PARTIDO PROGRESSISTA REFORMADOR
1274;IND;;76;1992;SRA. PREFEIT CONSTRUCAO DE CRECHE, JD. TOCA.;;CRECHE;;;JARDIM TOCA;ANTONIO CARLOS CARUSO;PART.DO MOVIMENTO DEMOCRATICO BRASILEIRO
1275;IND;;77;1992;SRA. PREFEITA CONSTRUCAO DE ESCOLA, JD. TOCA.;;ESCOLA MUNICIPALESCOLA PUBLICA;;;JARDIM TOCA;ANTONIO CARLOS CARUSO;PART.DO MOVIMENTO DEMOCRATICO BRASILEIRO
1276;IND;;78;1992;SRA. PREFEITA COSNTRUCAO DE POSTO DE SAUDE, JD. TOCA.;;POSTO DE ASSISTENCIA MEDICA - PAMPOSTO DE SAUDE;;;JARDIM TOCA;ANTONIO CARLOS CARUSO;PART.DO MOVIMENTO DEMOCRATICO BRASILEIRO
1336;IND;;138;1992;À SRA. PREFEITA ASSUNTO: PAVIMENTAÇÃO ASFÁLTICA, PARA A RUA PRICIPAL NO BAIRRO PARQUE NOVO MUNDO NA VILA CIDADE NOVA.;;LOGRADOURO PUBLICOPAVIMENTACAO;;AR-MG;PARQUE NOVO MUNDO;USHITARO KAMIA;PARTIDO DEMOCRATICO TRABALHISTA
1347;IND;;149;1992;SRA. PREFEITA CANALIZAÇÃO DE CÓRREGO, VILA MARA (PERTO DO VIADU TO JD. MAIA, JD. MARA, AR-SÃO MIGUEL PAULISTA.;;CANALIZACAO DE CORREGOVIADUTO;;AR-MP;JARDIM MARA;FAUSTO TOMAZ DE LIMA;PART.DO MOVIMENTO DEMOCRATICO BRASILEIRO
1352;IND;;154;1992;À SRA. PREFEITA ASSUNTO: PROBLEMAS CAUSADO PELA REFERIDA USINA DE TRATAMENTO DE ESGÔTOS, LOCAL: AV. MARGINAL DO RIO TIÊTE,SENTI DO OSASCO PARA GUARULHOS, BAIRRO: VILA LEOPOLDINA-LAPA.;;LIXO/USINA DE COMPOSTAGEMMARGINAL DO RIO TIETE;;AR-LA;VILA LEOPOLDINA;WALTER ABRAHAO;PARTIDO PROGRESSISTA REFORMADOR
1367;IND;;169;1992;"TELESP INSTALAÇÃO DE UM TELEFONE ""FALE FÁCIL"" NO CLUBE DESPORTI VO MUNICIPAL ""DÉLIO DE CARVALHO"" À R.ANTONIO CEARA, 18-A, V.SÃO FRANCISCO.";;CDM DELIO DE CARVALHO/TELESPTELEFONE FALE FACIL;;;VILA SAO FRANCISCO (AR-MP;LUIZ CARLOS MORAES DE MOURA;PARTIDO COMUNISTA BRASILEIRO
1372;IND;;174;1992;AO PRESIDENTE DA SABESP ASSUNTO: IMPLANTAÇÃO DE REDE DE ÁGUA,NO PARQUE VEREDA, PROXIMIDADES DO JD. NÉLIA,JD. CAMARGO NOVO.;;PARQUE VEREDAS DO ITAIM/SABESPREDE DE AGUA;;AR-MP;JARDIM CAMARGO NOVO;JOSE VIVIANI FERRAZ;PARTIDO LIBERAL
1378;IND;;180;1992;AO PRESIDENTE DA SABESP ASSUNTO: REGULARIZAÇÃO DO FORNECIMENTO DE ÁGUA, NO JD. CAMARGO NOVO.;;ABASTECIMENTO DE AGUASABESP;;;JARDIM CAMARGO NOVO;JOSE VIVIANI FERRAZ;PARTIDO LIBERAL
1463;IND;;265;1992;À SRA. PREFEITA ASSUNTO: EFETIVAÇÃO DA LINHA DE ÔNIBUS NO. 819 17, JD.SHANGRILÁ PRAÇA PRINCESA ISABEL, QUE ESTÁ EM CARÁTER EXPERIMENTAL.;;LINHA DE ONIBUS 819HONIBUS;;;JARDIM SHANGRILA (AR-PJ);ARNALDO DE ABREU MADEIRA;PARTIDO DA SOCIAL DEMOCRACIA BRASILEIRA
1466;IND;;268;1992;"À SRA. PREFEITA ASSUNTO: AMPLIAR O NÚMERO DE ÔNIBUS DAS LINHAS 6206 JD. D'ABRIL PRAÇA DA BANDEIRA; 6228 JD. D'ABRIL PRAÇA DA BANDEIRA (RIO PEUQENO) E 748-A JD. D'ABRIL LAPA.";;LINHA DE ONIBUS 6206/LINHA DE ONIBUS 748A/ONIBUSLINHA DE ONIBUS 6228;;;JARDIM D'ABRIL;ARNALDO DE ABREU MADEIRA;PARTIDO DA SOCIAL DEMOCRACIA BRASILEIRA
1467;IND;;269;1992;SRA. PREFEITA PROVIDÊNCIAS URGENTES NA USINA DE TRATAMENTO DE LIXO/VILA LEOPOLDINA NA AV.MARGINAL DO RIO TIETÊ, SENTIDO OSASCO P/GUARULHOS, VILA LEOPOLDINA, AR/LAPA.;;LIXO/USINA DE COMPOSTAGEMTRATAMENTO DE LIXO;;AR-LA;VILA LEOPOLDINA;WALTER ABRAHAO;PARTIDO PROGRESSISTA REFORMADOR
1475;IND;;277;1992;SRA. PREFEITA ILUMINAÇÃO PÚBLICA À RUA PARTICULAR, JD. NOVA GUA IANASES, GUAIANASES, AR/IQ.;;GUAIANASES/RUA PARTICULARILUMINACAO PUBLICA;;AR-IQ;JARDIM NOVA GUAIANASES;JOSE GUILHERME GIANETTI;PART.DO MOVIMENTO DEMOCRATICO BRASILEIRO
1513;IND;;315;1992;EXMO.SR.SECRETÁRIO MUNICIPAL DE TRANSPORTES-SMT, PARA QUE PROVI DENCIE ESTUDOS VISANDO A IMPLANTAÇÃO DE UMA LINHA DE ÔNIBUS, COM PONTO INICIAL NO JD. PIRITUBA ATÉ O CENTRO DA CIDADE.;;LINHA DE ONIBUSSECRETARIA MUNICIPAL DE TRANSPORTES - SMT;;;JARDIM PIRITUBA;JOSE VIVIANI FERRAZ;PARTIDO LIBERAL
1534;IND;;336;1992;À SRA. PREFEITA ASSUNTO: EXECUTAR A COLETA DE LIXO EM TODAS AS RUAS DO BAIRRO CHÁCARA SANTA MARIA, AR/CL.;;COLETA DE LIXO;;AR-CL;CHACARA SANTA MARIA;JAMIL ACHOA;PART.DO MOVIMENTO DEMOCRATICO BRASILEIRO
1570;IND;;372;1992;"SRA. PREFEITA ASFALTAMENTO DAS RUAS DO LOTEAMENTO ""ALTOS DE VILA PRUDENTE"".";;LOTEAMENTOPAVIMENTACAO;;;ALTOS DE VILA PRUDENTE;WALTER MEYER FELDMAN;PARTIDO DA SOCIAL DEMOCRACIA BRASILEIRA
1615;IND;;417;1992;SRA. PREFEITA ESTUDOS PARA A CONSTRUCAO DE UMA CRECHE NO JD. PE RI (ALTO).;;CRECHE;;;JARDIM PERI;ANTONIO JOSE DA SILVA FILHO;PART.DO MOVIMENTO DEMOCRATICO BRASILEIRO
1617;IND;;419;1992;SRA. PREFEITA ESTUDOS PARA A CONSTRUCAO DE UMA ESCOLA DE EDUCACAO INFANTIL NO JD. PERI (ALTO).;;ESCOLA MUNICIPAL DE EDUCACAO INFANTIL;;AR-FO;JARDIM PERI;ANTONIO JOSE DA SILVA FILHO;PART.DO MOVIMENTO DEMOCRATICO BRASILEIRO
1620;IND;;422;1992;SECRETARIO MUNICIPAL DE TRANSPORTES-SMT IMPLANTACAO DE UM PONTO DE LOTACAO LIGANDO A ESTACAO FERREA DE PERUS AO JD. ADELFIORE, NA VILA MALVINA.;;ESTACAO FERROVIARIA PERUS/PONTO DE LOTACAOLOTACAO (TRANSPORTE);;;JARDIM ADELFIORE;JOSE VIVIANI FERRAZ;PARTIDO LIBERAL
1658;IND;;460;1992;SABESP EXTENSAO DE REDE COLETORA DE ESGOTOS, JD. ORIENTAL.;;REDE DE ESGOTOSABESP;;;JARDIM ORIENTAL;ANTONIO CARLOS CARUSO;PART.DO MOVIMENTO DEMOCRATICO BRASILEIRO
1659;IND;;461;1992;SABESP EXTENSAO DE REDE DE AGUA, JARDIM ORIENTAL.;;REDE DE AGUASABESP;;;JARDIM ORIENTAL;ANTONIO CARLOS CARUSO;PART.DO MOVIMENTO DEMOCRATICO BRASILEIRO
1660;IND;;462;1992;SRA. PREFEITA CONSTRUCAO DE CRECHE, JD. ORIENTAL.;;CRECHE;;;JARDIM ORIENTAL;ANTONIO CARLOS CARUSO;PART.DO MOVIMENTO DEMOCRATICO BRASILEIRO
1663;IND;;465;1992;SRA. PREFEITA CONSTRUCAO DE CRECHE, JD. OLINDA.;;CRECHE;;AR-CL;JARDIM OLINDA (AR-CL);ANTONIO CARLOS CARUSO;PART.DO MOVIMENTO DEMOCRATICO BRASILEIRO
1720;IND;;522;1992;À SRA. PREFEITA ASSUNTO: IMPLANTAÇÃO DE DUAS LINHAS DE ÔNIBUS NO JD. RIO PEQUENO, VILA DALVA, ADALGISA I, II, PARQUE DOS PRÍNCIPES E ADJACÊNCIAS.;;JARDIM RIO PEQUENOLINHA DE ONIBUS;;;JARDIM ADALGISA;PAULO SEITI KOBAYASHI;PARTIDO DA SOCIAL DEMOCRACIA BRASILEIRA
1805;IND;;607;1992;SRA. PREFEITA MELHORIAS DEFINITIVAS NO JARDIM INGA.;;MELHORAMENTO URBANO;;;JARDIM INGA;ANTONIO JOSE DA SILVA FILHO;PART.DO MOVIMENTO DEMOCRATICO BRASILEIRO
1814;IND;;616;1992;SRA. PREFEITA ASFALTO, ESGOTO, ILUMINACAO E CANALIZACAO DO COR REGO DAS RUAS TRES, DEZ, DOZE, CARLOS MATTIS E RUA ONZE, JD.TERE ZA, AR/FO.;;CANALIZACAO DE CORREGO/PAVIMENTACAO/REDE DE ESGOTOILUMINACAO PUBLICA;;;JARDIM TERESA (AR-FO);JOSE FERREIRA DO NASCIMENTO;PARTIDO PROGRESSISTA BRASILEIRO
1842;IND;;644;1992;SRA. PREFEITA IMPLANTACAO DE UMA ESCOLA DE 1O. GRAU NO JD. DO RUSSO, EM PERUS. .;;ESCOLA MUNICIPAL DE PRIMEIRO GRAUPERUS (DISTRITO);;;JARDIM DO RUSSO;JOSE VIVIANI FERRAZ;PARTIDO LIBERAL
1944;IND;;746;1992;SRA. PREFEITA PAVIMENTAÇÃO DA VILA PROGRESSO (200NTS), SÃO MIGUEL PAULISTA, AR/MP.;;PAVIMENTACAO;;AR-MP;VILA PROGRESSO (AR-MP);FAUSTO TOMAZ DE LIMA;PART.DO MOVIMENTO DEMOCRATICO BRASILEIRO
1948;IND;;750;1992;SRA. PREFEITA CORTE DE MATO E LIMPEZA DE RESTOS DE SEPULTURAS NO CEMITÉRIO DE VILA NOVA CACHOEIRINHA,AR/FO.;;CEMITERIO VILA NOVA CACHOEIRINHADESMATAMENTO;;AR-FO;CACHOEIRINHA (BAIRRO);WALTER ABRAHAO;PARTIDO PROGRESSISTA REFORMADOR
1969;IND;;771;1992;À SRA. PREFEITA ASSUNTO:DAR CUMPRIMENTO AO ART. 15 DA LEI MUNI CIPAL NO. 8.106/74, QUE PROÍBE A UTILIZAÇÃO DE ALTO-FALANTES E OUTROS APARELHOS SONOROS QUE INCOMODEM A VIZINHANÇA,ESPECIALMENTE A EMPRESAS QUE COMERCIALIZAM GÁS GPL.;;CAMINHAO DE GAS/POLUICAO SONORA/PROPAGANDA SONORALEI 08.106/74;;;ALTO FALANTE;MARIA CRISTINA TITA DIAS;PARTIDO DOS TRABALHADORES
2007;IND;;809;1992;SRA. PREFEITA CONSTRUCAO DE UMA CRECHE NO PARQUE CENTRAL, GUAIA NAZES-SP.;;CRECHEGUAIANASES;;;PARQUE CENTRAL;ALBERTINO ALVES NOBRE;PARTIDO TRABALHISTA BRASILEIRO
2018;IND;;820;1992;AO EXECUTIVO MUNICIPAL ASSUNTO: CONSTRUÇÃO E REURBANIZAÇÃO DE ÁREA DE LAZER E PRAÇA ESPORTIVA EM VILA ANASTÁCIO, AR/LA.;;AREA DE LAZER/PRACA DE ESPORTES/REURBANIZACAOPRACA;;;VILA ANASTACIO;BRUNO FEDER NETO;PARTIDO PROGRESSISTA BRASILEIRO
2021;IND;;823;1992;AO EXECUTIVO MUNICIPAL ASSUNTO: INTENSIFICAÇÃO DA ILUMINAÇÃO DA ESTAÇÃO DOMINGOS DE MORAES, BEM COMO DA PASSARELA, EXISTENTE EM VILA ANASTÁCIO, AR/LA.;;ESTACAO FERROVIARIA DOMINGOS DE MORAIS/PASSARELAILUMINACAO PUBLICA;;AR-LA;VILA ANASTACIO;BRUNO FEDER NETO;PARTIDO PROGRESSISTA BRASILEIRO
2055;IND;;857;1992;SRA. PREFEITA IMPLANTAÇÃO DE UMA LINHA DE ÔNIBUS, LIGANDO O JD. PIRITUBA AO CENTRO DA CIDADE.;;LINHA DE ONIBUS;;;JARDIM PIRITUBA;PAULO SEITI KOBAYASHI;PARTIDO DA SOCIAL DEMOCRACIA BRASILEIRA
2061;IND;;863;1992;À SRA. PREFEITA ASSUNTO: CANALIZAÇÃO DO CÓRREGO CARANDIRU, BAIRRO: VILA D. PEDRO II, AR/ST.;;CANALIZACAO DE CORREGOCORREGO CARANDIRU;;AR-ST;VILA DOM PEDRO II;ANTONIO CARLOS CARUSO;PART.DO MOVIMENTO DEMOCRATICO BRASILEIRO
2064;IND;;866;1992;À SRA. PREFEITA ASSUNTO: CANALIZAÇÃO DO CÓRREGO URUBU, BAIRRO: VILA YARA, AR/PJ.;;AR PIRITUBA/JARAGUA/CORREGO URUBUCANALIZACAO DE CORREGO;;;VILA IARA;ANTONIO CARLOS CARUSO;PART.DO MOVIMENTO DEMOCRATICO BRASILEIRO
2143;IND;;945;1992;SRA. PREFEITA ESTENSÃO DE LINHA DE ÔNIBUS NO JD. PLANALTO A VILA PRUDENTE, JD. PLANALTO SAPOPEMBA.;;LINHA DE ONIBUSSAPOPEMBA;;AR-VP;JARDIM PLANALTO (AR-VP);ALBERTINO ALVES NOBRE;PARTIDO TRABALHISTA BRASILEIRO
2144;IND;;946;1992;À SRA. PREFEITA ASSUNTO: EXTENSÃO DE LINHA DE ÔNIBUS, LOCAL: JARDIM PLANALTO A SÃO CAETANO DO SUL, BAIRRO: JD. PLANALTO SAPOPEMBA.;;LINHA DE ONIBUS/SAO CAETANO DO SUL (MUNICIPIO)ONIBUS INTERMUNICIPAL/SAPOPEMBA;;;JARDIM PLANALTO (AR-VP);ALBERTINO ALVES NOBRE;PARTIDO TRABALHISTA BRASILEIRO
2148;IND;;950;1992;À SRA. PREFEITA ASSUNTO: ASFALTAMENTO DE VIAS PÚBLICAS DO JARDIM PÉROLA.;;PAVIMENTACAO;;;JARDIM PEROLA;PAULO SEITI KOBAYASHI;PARTIDO DA SOCIAL DEMOCRACIA BRASILEIRA
2166;IND;;968;1992;SRA. PREFEITA IMPLANTAÇÃO DO SACOLAÇÃO EM QUALQUER LOCAL DO BAIRRO DE VILA SANTA ISABEL.;;SACOLAO;;;VILA SANTA ISABEL (AR-MO);JOSE FERREIRA DO NASCIMENTO;PARTIDO PROGRESSISTA BRASILEIRO
2181;IND;;983;1992;À SRA. PREFEITA ASSUNTO: COLOCAÇÃO DE GUIAS E SARJETAS, LOCAL: TODAS AS RUAS DO BAIRRO JARDIM DONA SINHÃ E PARQUE BANCÁRIO, BAIRRO: VILA PRUDENTE.;;GUIAS E SARJETASPARQUE BANCARIO;;AR-VP;JARDIM DONA SINHA;JOSE FERREIRA DO NASCIMENTO;PARTIDO PROGRESSISTA BRASILEIRO
2190;IND;;992;1992;SRA. PREFEITA LIMPEZA E CANALIZAÇÃO DO CÓRREGO DA ÁGUA VERMELHA NO BAIRRO JD. PANORAMA.;;CANALIZACAO DE CORREGO/LIMPEZA DE CORREGOCORREGO AGUA VERMELHA (AR-VP);;AR-VP;JARDIM PANORAMA (AR-VP);EDSON FALANGA;PARTIDO LIBERAL
2208;IND;;1010;1992;À SRA. PREFEITA ASSUNTO_ CRIAÇÃO DE LINHA DE ÔNIBUS VILA BRASI LÂNDIA/METRÔ SANTANA, LOCAL:VILA BRASILÂNDIA/ESTAÇÃO METRÔ SANTANA.;;ESTACAO DE METRO SANTANALINHA DE ONIBUS;;;VILA BRASILANDIA;WALTER ABRAHAO;PARTIDO PROGRESSISTA REFORMADOR
2210;IND;;1012;1992;À SRA. PREFEITA ASSUNTO. CONSTRUÇÃO DE ESCOLA MUNICIPAL DE PRIMEIRO GRAU, LOCAL: VILA NOVA YORK, BAIRRO: VILA NOVA YORK.;;ESCOLA MUNICIPAL DE PRIMEIRO GRAU;;AR-MO;VILA NOVA YORK;JOSE GUILHERME GIANETTI;PART.DO MOVIMENTO DEMOCRATICO BRASILEIRO
2235;IND;;1037;1992;À SRA. PREFEITA ASSUNTO: COMBOIO DO TRABALHADOR, LOCAL: JARDIM ITÁPOLIS, BAIRRO: JARDIM ITÁPOLIS - AR/VILA PRUDENTE.;;COMBOIO DO TRABALHADOR;;AR-VP;JARDIM ITAPOLIS;JOSE FERREIRA DO NASCIMENTO;PARTIDO PROGRESSISTA BRASILEIRO
2237;IND;;1039;1992;À SRA. PREFEITA ASSUNTO: IMPLANTAÇÃO DO COMBOIO DO TRABALHADOR, LOCAL: PARQUE MARIA LUÍZA, BAIRRO: PARQUE MARIA LUÍZA. AR/ITAQUERA.;;COMBOIO DO TRABALHADOR;;AR-IQ;PARQUE MARIA LUISA;JOSE FERREIRA DO NASCIMENTO;PARTIDO PROGRESSISTA BRASILEIRO
2238;IND;;1040;1992;À SRA. PREFEITA ASSUNTO: IMPLANTAÇÃO DO COMBOIO DO TRABALHADOR, LOCAL: JARDIM FANGANIELI, JARDIM YOLANDA E JD. SANTO ANTONIO, BAIRRO: GUAIANAZES.;;COMBOIO DO TRABALHADORGUAIANASES;;;JARDIM FANGANIELLO;JOSE FERREIRA DO NASCIMENTO;PARTIDO PROGRESSISTA BRASILEIRO
2245;IND;;1047;1992;SRA. PREFEITA INSTALAÇÃO DE UM POSTO DE VENDA DE MATERIAIS ESCO LARES EDITADOS PELO MEC E SECRETARIA DE EDUCAÇÃO, JD. ROBRU, ARMP;;MATERIAL ESCOLARPOSTO DE VENDA;;AR-MP;JARDIM ROBRU;JOSE FERREIRA DO NASCIMENTO;PARTIDO PROGRESSISTA BRASILEIRO
2246;IND;;1048;1992;SRA. PREFEITA CONSTRUÇÃO DE ILHAS EM DIVERSOS CRUZAMENTOS DE RUAS NO JD. ROBRU, AR-MP.;;CANTEIRO CENTRALSINALIZACAO DE TRANSITO;;AR-MP;JARDIM ROBRU;JOSE FERREIRA DO NASCIMENTO;PARTIDO PROGRESSISTA BRASILEIRO
2247;IND;;1049;1992;SRA. PREFEITA IMPLANTAÇÃO DO COMBOIO DO TRABALHADOR, JD. ROBRU, S.MIGUEL PAULISTA, AR/MP.;;COMBOIO DO TRABALHADORSAO MIGUEL PAULISTA;;AR-MP;JARDIM ROBRU;JOSE FERREIRA DO NASCIMENTO;PARTIDO PROGRESSISTA BRASILEIRO
2248;IND;;1050;1992;SRA. PREFEITA IMPLANTAÇÃO DE COMBOIO DO TRABALHADOR, JD. N.SRA. DO CARMO, AR/IQ.;;COMBOIO DO TRABALHADOR;;AR-IQ;JARDIM NOSSA SENHORA DO C;JOSE FERREIRA DO NASCIMENTO;PARTIDO PROGRESSISTA BRASILEIRO
2250;IND;;1052;1992;SRA. PREFEITA LIMPEZA DO MATO ALTO NOS ARREDORES DO POSTO DE SAÚDE MUNICIPALN DO JD. TIETÊ, POSTO DE SAÚDE MUNICIPAL, JD. TIETÊ, AR/VP.;;CAPINAPOSTO DE SAUDE MUNICIPAL;;AR-VP;JARDIM TIETE;JOSE FERREIRA DO NASCIMENTO;PARTIDO PROGRESSISTA BRASILEIRO
2296;IND;;1098;1992;SRA. PREFEITA OFICIALIZAÇÃO DAS NUMERAÇÕES RESIDENCIAIS DE RUAS DO JD. ROBRU, AR/MP:;;NUMERACAO DE IMOVEL;;AR-MP;JARDIM ROBRU;JOSE FERREIRA DO NASCIMENTO;PARTIDO PROGRESSISTA BRASILEIRO
2298;IND;;1100;1992;À SRA. PREFEITA ASSUNTO: COMBOIO DO TRABALHADOR, LOCAL: VILA CURUÇÁ, BAIRRO: VILA CURUÇÁ, AR/MP.;;COMBOIO DO TRABALHADOR;;AR-MP;VILA CURUCA;JOSE FERREIRA DO NASCIMENTO;PARTIDO PROGRESSISTA BRASILEIRO
2302;IND;;1104;1992;À SRA. PREFEITA ASSUNTO: OFICIALIZAÇÃO DAS NUMERAÇÕES RESIDÊN CIAIS, AS RUAS ESTÃO COM OS NÚMEROS SALTEADOS, LOCAL: RUAS PAULO DE VERAS, ARANHA DE VASCONCELOS, EDUARDO SALAMONDE, JOÃO FERNANDES, LUIZ DE TOLEDO PIZA, BAIRRO: JD. NOSSA SENHORA DO CARMO.;;NUMERACAO DE IMOVEL;;AR-IQ;JARDIM NOSSA SENHORA DO C;JOSE FERREIRA DO NASCIMENTO;PARTIDO PROGRESSISTA BRASILEIRO
2310;IND;;1112;1992;À SRA. PREFEITA ASSUNTO: IMPLANTAÇÃO DO COMBOIO DO TRABALHADOR, LOCAL: JD. HAIA DO CARRÃO, BAIRRO: JARDIM HAIA DO CARRÃO, AR/MÓ.;;COMBOIO DO TRABALHADOR;;AR-MO;JARDIM HAIA DO CARRAO;JOSE FERREIRA DO NASCIMENTO;PARTIDO PROGRESSISTA BRASILEIRO
2439;IND;;1241;1992;SRA. PREFEITA REFLORESTAR O CREMATÓRIO DE VILA ALPINA, VILA ALPINA, AR/VP;;REFLORESTAMENTOCREMATORIO;;AR-VP;VILA ALPINA;JOSE FERREIRA DO NASCIMENTO;PARTIDO PROGRESSISTA BRASILEIRO
2454;IND;;1256;1992;SRA. PREFEITA COLOCAÇÃO DE LOMBADAS NA RUA JOAPITANGA ENTRE RU AS SUCURUÁS E GOITI, CIDADE A.E.CARVALHO;;LOMBADA/REDUTOR DE VELOCIDADEJOAPITANGA. R.;;AR-PE;CIDADE A. E. CARVALHO;WALTER ABRAHAO;PARTIDO PROGRESSISTA REFORMADOR
2688;IND;;1490;1992;À SRA. PREFEITA ASSUNTO: CONSTRUÇÃO DE CRECHE E POSTO DE SAÚDE NO JARDIM MAIA SÃO MIGUEL PAULISTA.;;POSTO DE SAUDECRECHE;;AR-MP;JARDIM MAIA;ANTONIO JOSE DA SILVA FILHO;PART.DO MOVIMENTO DEMOCRATICO BRASILEIRO
2734;IND;;1536;1992;À SRA. PREFEITA ASSUNTO: IMPLANTAR ÁREAS DE LAZER NA CIDADE TIRADENTES ZONA LESTE DA CAPITAL.;;AREA DE LAZERGUAIANASES;;AR-IQ;CIDADE TIRADENTES;ARNALDO DE ABREU MADEIRA;PARTIDO DA SOCIAL DEMOCRACIA BRASILEIRA
2735;IND;;1537;1992;À SRA. PREFEITA ASSUNTO: IMPLANTAR NOVAS ESCOLAS NA CIDADE TIRADENTES, ZONA LESTE DA CAPITAL.;;GUAIANASESESCOLA MUNICIPAL;;AR-IQ;CIDADE TIRADENTES;ARNALDO DE ABREU MADEIRA;PARTIDO DA SOCIAL DEMOCRACIA BRASILEIRA
2736;IND;;1538;1992;À SRA. PREFEITA ASSUNTO: OTIMIZAR A COLETA DE LIXO NA CIDADE TIRADENTES, ZONA LESTE DA CAPITAL.;;GUAIANASESCOLETA DE LIXO;;AR-IQ;CIDADE TIRADENTES;ARNALDO DE ABREU MADEIRA;PARTIDO DA SOCIAL DEMOCRACIA BRASILEIRA
2737;IND;;1539;1992;À SRA. PREFEITA ASSUNTO: IMPLANTAR REDE DE ÁGUA E ESGOTO EM TO DOS OS SETORES DA CIDADE TIRADENTES, ZONA LESTE DA CAPITAL.;;GUAIANASES/REDE DE AGUAREDE DE ESGOTO;;AR-IQ;CIDADE TIRADENTES;ARNALDO DE ABREU MADEIRA;PARTIDO DA SOCIAL DEMOCRACIA BRASILEIRA
2738;IND;;1540;1992;À SRA. PREFEITA ASSUNTO: RENOVAÇÃO DA FROTA DE AMBULÂNCIA E A REABILITAÇÃO DA FARMÁCIA DO P.A. DRA. GLORIA DOS SANTOS BONFIM, ZONA LESTE DA CAPITAL.;;AMBULANCIA/GUAIANASES/FARMACIAPAM DRA. GLORIA RODRIGUES DOS SANTOS BONFIM;;;CIDADE TIRADENTES;ARNALDO DE ABREU MADEIRA;PARTIDO DA SOCIAL DEMOCRACIA BRASILEIRA
2739;IND;;1541;1992;À SRA. PREFEITA ASSUNTO:CONSTRUÇÃO DE UM HOSPITAL NA CIDADE TIRADENTES, ZONA LESTE DA CAPITAL.;;GUAIANASESHOSPITAL MUNICIPAL;;AR-IQ;CIDADE TIRADENTES;ARNALDO DE ABREU MADEIRA;PARTIDO DA SOCIAL DEMOCRACIA BRASILEIRA
2764;IND;;1566;1992;SRA. PREFEITA PAVIMENTAÇÃO DA TRAVESSA PARTICULAR, VILA JUSSARA ITAQUERA, AR/IQ;;TRAVESSA PARTICULAR/ITAQUERAPAVIMENTACAO;;AR-IQ;VILA JUSSARA;JOSE GUILHERME GIANETTI;PART.DO MOVIMENTO DEMOCRATICO BRASILEIRO
2781;IND;;1583;1992;SRA. PREFEITA MEDIDAS VISANDO A PREVENÇÃO DE ENCHENTES NA REGIÃO DA VILA ALABAMA, ITAIM PAULISTA;;INUNDACAO;;AR-MP;VILA ALABAMA;ANTONIO JOSE DA SILVA FILHO;PART.DO MOVIMENTO DEMOCRATICO BRASILEIRO
2782;IND;;1584;1992;SABESP DESOBSTRUÇÃO DOS BUEIROS NA VILA ALABAMA - ITAIM PAULISTA;;BUEIRO/LIMPEZA DE BUEIROSABESP;;AR-MP;VILA ALABAMA;ANTONIO JOSE DA SILVA FILHO;PART.DO MOVIMENTO DEMOCRATICO BRASILEIRO
2789;IND;;1591;1992;SR. SECRETÁRIO DE SEGURANÇA PÚBLICA DO ESTADO DE SÃO PAULO INS TALAÇÃO DE UM DISTRITO POLICIAL NA REGIÃO DO JD. DO IBIRAPUERA E ADJACÊNCIAS;;DISTRITO POLICIAL/PARELHEIROSSECRETARIA DE ESTADO DA SEGURANCA PUBLICA;;AR-CS;JARDIM IBIRAPUERA (SANTO;NELSON GERRA JUNIOR;PARTIDO DA SOCIAL DEMOCRACIA BRASILEIRA
2857;IND;;1659;1992;À SRA. PREFEITA ASSUNTO: AUMENTAR O NÚMERO DE CARROS DA LINHA DE ÔNIBUS 702 C, LINHA JARDIM BONFIGLIOLI BELÉM.;;BELEM/LINHA DE ONIBUS 702C/FROTA DE ONIBUSONIBUS;;;JARDIM BONFIGLIOLI;ALFREDO MARTINS;PARTIDO DA FRENTE LIBERAL
2876;IND;;1678;1992;À SRA. PREFEITA ASSUNTO: CONSTRUÇÃO DE CRECHE, LOCAL: JARDIMDA COSNQUISTA BAIRRO: SAPOPEMBA.;;CRECHESAPOPEMBA;;AR-VP;JARDIM DA CONQUISTA;JOSE GUILHERME GIANETTI;PART.DO MOVIMENTO DEMOCRATICO BRASILEIRO
2893;IND;;1695;1992;SRA. PREFEITA IMPLANTAÇÃO DE LINHA DE ÔNIBUS NO JD.ELIANE-METRO VILA MATILDE, V.MATILDE;;ESTACAO DE METRO VILA MATILDE/LINHA DE ONIBUSVILA MATILDE;;;JARDIM ELIANE;JOSE FERREIRA DO NASCIMENTO;PARTIDO PROGRESSISTA BRASILEIRO
2969;IND;;1771;1992;À SRA. PREFEITA ASSUNTO: CANALIZAÇÃO DE CÓRREGO, LOCAL: VILA MARILENE, BAIRRO: VILA MARILENE - GUAIANASES.;;GUAIANASESCANALIZACAO DE CORREGO;;AR-IQ;VILA MARILENA;JOSE GUILHERME GIANETTI;PART.DO MOVIMENTO DEMOCRATICO BRASILEIRO
2985;IND;;1787;1992;SRA. PREFEITA PAVIMENTAÇÃO DE RUAS NO JD. NOVA CONQUISTA SÃO MATHEUS;;PAVIMENTACAO;;AR-SM;JARDIM NOVA CONQUISTA;GILSON ALMEIDA BARRETO;PARTIDO DA SOCIAL DEMOCRACIA BRASILEIRA
2987;IND;;1789;1992;À SRA. PREFEITA ASSUNTO:CONSTRUÇÃO DE ESCOLA DE 1O. GRAU,LOCAL: JARDIM RODOLFO PIRANI, BAIRRO: SÃO MATHEUS.;;ESCOLA MUNICIPAL DE PRIMEIRO GRAU;;AR-SM;JARDIM RODOLFO PIRANI;GILSON ALMEIDA BARRETO;PARTIDO DA SOCIAL DEMOCRACIA BRASILEIRA
2988;IND;;1790;1992;À SRA. PREFEITA ASSUNTO:CONSTRUÇÃO DE ESCOLA DE 1O. GRAU,LOCAL: JARDIM VILA CARRÃO, BAIRRO: SÃO MATHEUS.;;ESCOLA MUNICIPAL DE PRIMEIRO GRAU;;AR-SM;JARDIM VILA CARRAO;GILSON ALMEIDA BARRETO;PARTIDO DA SOCIAL DEMOCRACIA BRASILEIRA
3001;IND;;1803;1992;À SRA. PREFEITA ASSUNTO: IMPLANTAÇÃO DE LINHA DE ÔNIBUS, LOCAL: PONTO INICIAL NA AV. BUENOS AIRES X RUA ENTRE RIOS, PROXIMIDADES DO PARQUE INFANTIL, BAIRRO: VILA BUENOS AIRES PENHA.;;ESTACAO DE METRO VILA MATILDE/ONIBUSVILA BUENOS AIRES (AR-PE)/LINHA DE ONIBUS;;;VILA MATILDE;WALTER ABRAHAO;PARTIDO PROGRESSISTA REFORMADOR
3012;IND;;1814;1992;SRA. PREFEITA RETIFICAÇÃO E CANALIZAÇÃO DO CÓRREGO ARICANDUVA VILA ARICANDUVA -AR/MO E AR/PE;;CANALIZACAO DE CORREGO/CORREGO ARICANDUVAAR-PE;;AR-MO;VILA ARICANDUVA;GILSON ALMEIDA BARRETO;PARTIDO DA SOCIAL DEMOCRACIA BRASILEIRA
3074;IND;;7;1993;AO SR. PREFEITO ASSUNTO: REGULARIZAR AS VIAS PÚBLICAS DO JARDIM LIMOEIRO DA 3A. DIVISÃO EM SÃO MATEUS A FIM DE QUE OS MORADORES DA REGIÃO POSSAM BENEFICIAR-SE DE ÁGUA DISTRIBUIDA PELA SABESP.;;OFICIALIZACAO DE LOGRADOURO/SAO MATEUSREDE DE AGUA/REGULARIZACAO DE LOTEAMENTO;;;JARDIM LIMOEIRO;ARCHIBALDO FENICIO ZANCRA;PARTIDO LIBERAL
3104;IND;;37;1993;SR. PREFEITO CANALIZAÇÃO DE CÓRREGO RAPADURA, VILA SANTO ESTEVÃO.;;CANALIZACAO DE CORREGOCORREGO RAPADURA;;AR-MO;VILA SANTO ESTEVAO;ANTONIO DE PAIVA MONTEIRO Fo.;PARTIDO DA REPÚBLICA
3115;IND;;48;1993;AO SR. PREFEITO ASSUNTO: ESTUDOS PARA CONSTRUÇÃO DE UMA UNIDADE DO CORPO DE BOMBEIROS EM PERÚS.;;CORPO DE BOMBEIROS;;AR-PR;PERUS (BAIRRO);JOSE VIVIANI FERRAZ;PARTIDO LIBERAL
3154;IND;;87;1993;AO SR. PREFEITO ASSUNTO: CORTE DE MATO E LIMPEZA, LOCAL:CEMITÉRIO DE VILA NOVA CACHOEIRINHA, BAIRRO: CACHOEIRINHA, AR/FREGUESIA DO Ó.;;CAPINA/LIMPEZA PUBLICACEMITERIO VILA NOVA CACHOEIRINHA;;AR-FO;VILA NOVA CACHOEIRINHA;WALTER ABRAHAO;PARTIDO PROGRESSISTA REFORMADOR
3169;IND;;102;1993;SR. GOVERNADOR DO EST. DE SÃO PAULO ESTUDOS PARA A IMPLANTAÇÃO DO PROLONGAMENTO DA LINHA LESTE/OESTE DO METRÔ, ATÉ A V.MORRO GRANDE, NA FREGUESIA DO Ó;;ESTACAO DE METROLINHA DE METRO;;AR-FO;VILA MORRO GRANDE;JOSE VIVIANI FERRAZ;PARTIDO LIBERAL
3214;IND;;147;1993;AO SR. PREFEITO ASSUNTO:INSTALADA UMA ESCOLA MUNICIPAL DE EDUCAÇÃO INFANTIL NO BAIRRO ALTOS DE VILA PRUDENTE.;;ASSOCIACAO FEMININA PRO MELHORAMENTOS JD.S.ROBERTOESCOLA MUNICIPAL DE EDUCACAO INFANTIL;;AR-VP;ALTOS DE VILA PRUDENTE;ARCHIBALDO FENICIO ZANCRA;PARTIDO LIBERAL
3216;IND;;149;1993;AO SR. PREFEITO ASSUNTO: INSTALADO UM POSTO MÉDICO NO JD. SÃO ROBERTO.;;ASSOCIACAO FEMININA PRO MELHORAMENTOS JD.S.ROBERTOPOSTO DE SAUDE;;AR-VP;JARDIM SAO ROBERTO;ARCHIBALDO FENICIO ZANCRA;PARTIDO LIBERAL
3217;IND;;150;1993;AO SR. PREFEITO ASSUNTO: SERVIÇO DE LIMPEZA DE BOCA DE LOBO, CAPINAÇÃO, TAPA BURACOS NO JARDIM SÃO ROBERTO.;;ASSOCIACAO FEMININA PRO MELHORAMENTOS JD.S.ROBERTOLIMPEZA DE BOCA DE LOBO;;AR-VP;JARDIM SAO ROBERTO;ARCHIBALDO FENICIO ZANCRA;PARTIDO LIBERAL
3218;IND;;151;1993;AO SR. PREFEITO ASSUNTO: CONSTRUÇÃO DE CAMPO DE FUTEBOL E ÁREA DE LAZER NO JARDIM SÃO ROBERTO, ALTO DE VILA PRUDENTE.;;AREA DE LAZER/CAMPO DE FUTEBOLASSOCIACAO FEMININA PRO MELHORAMENTOS JD.S.ROBERTO;;;ALTOS DE VILA PRUDENTE;ARCHIBALDO FENICIO ZANCRA;PARTIDO LIBERAL
3225;IND;;158;1993;AO SR. PREFEITO ASSUNTO. CRIAÇÃO DE LINHA DE ÔNIBUS VILA BRASI LÂNDIA/METRÔ SANTA, LOCAL:VILA BRASILÂNDIA/ESTAÇÃO METRÔ SANTANA.;;ESTACAO DE METRO SANTANA/ONIBUSLINHA DE ONIBUS/TRANSPORTE COLETIVO URBANO;;;VILA BRASILANDIA;WALTER ABRAHAO;PARTIDO PROGRESSISTA REFORMADOR
3297;IND;;230;1993;SR. PREFEITO IMPLANTAÇÃO DE LINHA DE ÔNIBUS, NO PONTO INICIAL NAAV.BUENOS AIRES X AV. ENTRE RIOS, PROXIMIDADES DO PARQUE INFANTIL, V.BUENOS AIRES, PENHA, AR/PENHA;;ESTACAO DE METRO VILA MATILDELINHA DE ONIBUS;;AR-PE;VILA BUENOS AIRES (AR-PE);WALTER ABRAHAO;PARTIDO PROGRESSISTA REFORMADOR
3350;IND;;283;1993;"SR. PREFEITO ATERRO E ALAMBRADO NO CAMPO DE FUTEBOL ""JD. STA. MARIA, AR/ITAQUERA";;ATERRO/CERCACAMPO DE FUTEBOL;;AR-IQ;JARDIM SANTA MARIA (AR-IQ;JOSE FERREIRA DO NASCIMENTO;PARTIDO PROGRESSISTA BRASILEIRO
3362;IND;;295;1993;À ELETROPAULO, ASSUNTO: ABERTURA DE AGÊNCIA, LOCAL:PQ. EDU CHAVES BAIRRO: EDU CHAVES.;;AGENCIA DA ELETROPAULOELETROPAULO;;AR-MG;PARQUE EDU CHAVES;DALMO PESSOA DE ALMEIDA;PART.DO MOVIMENTO DEMOCRATICO BRASILEIRO
3389;IND;;322;1993;SR. PREFEITO CANALIZAÇÃO DO CÓRREGO DO TIJUCO PRETO, JD. DAS OLIVEIRAS, AR/MP;;CANALIZACAO DE CORREGOCORREGO TIJUCO PRETO;;AR-MP;JARDIM DAS OLIVEIRAS (AR-;MANOEL DE OLIVEIRA SALA;PARTIDO PROGRESSISTA BRASILEIRO
3426;IND;;359;1993;AO SR. PREFEITO ASSUNTO: IMPLANTAÇÃO DE LINHA DE ÔNIBUS, JD. MACEDÔNIA/TERMINAL STO AMARO, LOCAL:VILA MACEDÔNIA, BAIRRO: STO. AMARO.;;LINHA DE ONIBUS/TERMINAL DE ONIBUS SANTO AMAROSANTO AMARO;;;JARDIM MACEDONIA;WALTER ABRAHAO;PARTIDO PROGRESSISTA REFORMADOR
3473;IND;;406;1993;AO SR. PREFEITO ASSUNTO: LINHA DE ÔNIBUS LIGANDO A VILA BUENOS AIRES À ESTAÇÃO VILA MATILDE DO METRÔ,LOCAL: PARQUE INFANTIL DE VILA BUENOS AIRES ATÉ A AV. CONDE DE FRONTIM, BAIRRO:VILA BUENOS AIRES.;;ESTACAO DE METRO VILA MATILDE/ONIBUSLINHA DE ONIBUS;;AR-PE;VILA BUENOS AIRES (AR-PE);NELLO RODOLPHO GIONGO FILHO;PART.DO MOVIMENTO DEMOCRATICO BRASILEIRO
3570;IND;;503;1993;AO SR. PREFEITO ASSUNTO: CONSTRUÇÃO DE UMA CRECHE, CIDADE A.E. CARVALHO.;;CRECHE;;AR-IQ;CIDADE A. E. CARVALHO;MANOEL DE OLIVEIRA SALA;PARTIDO PROGRESSISTA BRASILEIRO
3575;IND;;508;1993;SR. PREFEITO CONSTRUÇÃO DE UM CENTRO DA JUVENTUDE, PARA JD. DAS OLIVEIRAS, EM ITAIM PAULISTA, AR/MP;;CENTRO DA JUVENTUDEITAIM PAULISTA;;AR-MP;JARDIM DAS OLIVEIRAS (AR-;MANOEL DE OLIVEIRA SALA;PARTIDO PROGRESSISTA BRASILEIRO
3576;IND;;509;1993;SR. PREFEITO CONSTRUÇÃO DE UMA CRECHE, PARA JD. DAS OLIVEIRAS EM ITAIM PAULISTA, AR/MP;;CRECHEITAIM PAULISTA;;AR-MP;JARDIM DAS OLIVEIRAS (AR-;MANOEL DE OLIVEIRA SALA;PARTIDO PROGRESSISTA BRASILEIRO
3596;IND;;529;1993;INDICA A NECESSIDADE DE ESTUDOS PARA CESSÃO DE ÁREA POR 90 ANOS, DE ÁREA DO PARQUYE S.DOMINGOS PARA A SOC.AMIGOS DA CITY AMÉRICA.;;AR PIRITUBA/JARAGUA/SEDECESSAO DE AREA/SOCIEDADE AMIGOS DE CITY AMERICA;;;PARQUE SAO DOMINGOS;WALTER ABRAHAO;PARTIDO PROGRESSISTA REFORMADOR
3600;IND;;533;1993;AO SR. PRESIDENTE ASSUNTO: CONSTRUÇÃO DE UM CENTRO DA JUVENTUDE PARA O JD. SÃO JOÃO, NO IGUATEMI.;;CENTRO DA JUVENTUDE;;AR-SM;JARDIM SAO JOAO (IGUATEMI;MANOEL DE OLIVEIRA SALA;PARTIDO PROGRESSISTA BRASILEIRO
3601;IND;;534;1993;AO SR. PREFEITO ASSUNTO: CONSTRUÇÃO DE UMA CRECHE, NO JD. SÃO JOÃO, NO IGUATEMI.;;CRECHE;;AR-SM;JARDIM SAO JOAO (IGUATEMI;MANOEL DE OLIVEIRA SALA;PARTIDO PROGRESSISTA BRASILEIRO
3608;IND;;541;1993;AO SR. PREFEITO ASSUNTO: CONSTRUÇÃO DE UMA CRECHE, PARA A VILA INGLESA, SANTO AMARO, AR-SA:;;CRECHE;;AR-SA;VILA INGLESA;MANOEL DE OLIVEIRA SALA;PARTIDO PROGRESSISTA BRASILEIRO
3609;IND;;542;1993;AO SR. PREFEITO ASSUNTO: COSNTRUÇÃO DE UM CENTRO DA JUVENTUDE, PARA À VILA INGLESA, EM SANTO AMARO.;;CENTRO DA JUVENTUDE;;AR-SA;VILA INGLESA;MANOEL DE OLIVEIRA SALA;PARTIDO PROGRESSISTA BRASILEIRO
3611;IND;;544;1993;AO SR. PREFEITO ASSUNTO: CONSTRUÇÃO DE UMA ESCOLA MUNICIPAL DE EDUCAÇÃO INFANTIL, PARA JD. DOS EUCALIPTOS, EM STO AMARO.;;ESCOLA MUNICIPAL DE EDUCACAO INFANTILSANTO AMARO;;AR-SA;JARDIM DOS EUCALIPTOS (AR;MANOEL DE OLIVEIRA SALA;PARTIDO PROGRESSISTA BRASILEIRO
3612;IND;;545;1993;AO SR. PREFEITO ASSUNTO: CONSTRUÇÃO DE UM POSTO DE SAÚDE, PARA O JARDIM DOS EUCALIPTOS, EM STO AMARO.;;POSTO DE SAUDESANTO AMARO;;AR-SA;JARDIM DOS EUCALIPTOS (AR;MANOEL DE OLIVEIRA SALA;PARTIDO PROGRESSISTA BRASILEIRO
3613;IND;;546;1993;AO SR. PREFEITO ASSUNTO: CONSTRUÇÃO DE UMA CRECHE,PARA O JARDIM DOS EUCALIPTOS, EM STO AMARO.;;CRECHESANTO AMARO;;AR-SA;JARDIM DOS EUCALIPTOS (AR;MANOEL DE OLIVEIRA SALA;PARTIDO PROGRESSISTA BRASILEIRO
3616;IND;;549;1993;AO SR. PREFEITO ASSUNTO: CONSTRUÇÃO DE UMA CRECHE,PARA OS MORADORES DA VILA VERA, NA PENHA.;;CRECHE;;AR-PE;VILA VERA (AR-PE);MANOEL DE OLIVEIRA SALA;PARTIDO PROGRESSISTA BRASILEIRO
3617;IND;;550;1993;AO SR. PREFEITO ASSUNTO: CANALIZAÇÃO DO CORRÊGO FRANQUINHO OU SANTA LUIZA, QUE PASSA NA VILA VERA, PENHA.;;CANALIZACAO DE CORREGOCORREGO TIQUATIRA;;AR-PE;VILA VERA (AR-PE);MANOEL DE OLIVEIRA SALA;PARTIDO PROGRESSISTA BRASILEIRO
3620;IND;;553;1993;SR. PREFEITO IMPLANTANÇÃO DE UM SACOLÃO DA PREFEITURA PARA A V. ITAIM, EM ITAIM PAULISTA, AR/MP;;ITAIM PAULISTASACOLAO;;AR-MP;VILA ITAIM;MANOEL DE OLIVEIRA SALA;PARTIDO PROGRESSISTA BRASILEIRO
3621;IND;;554;1993;SR. PREFEITO CONSTRUÇÃO DE UM CENTRO DA JUVENTUDE, PARA A VILA ITAIM, EM ITAIM PAULISTA, AR/MP;;CENTRO DA JUVENTUDEITAIM PAULISTA;;AR-MP;VILA ITAIM;MANOEL DE OLIVEIRA SALA;PARTIDO PROGRESSISTA BRASILEIRO
3642;IND;;575;1993;AO SR. PREFEITO ASSUNTO:IMPLANTAÇÃO DE UMA LINHA DE ÔNIBUS CIRCULAR PARA VILA CAMPESTRE, CIDADE ADEMAR, JARDIM MÍRIM.;;JARDIM MIRIAM (AR-VM)/ONIBUS CIRCULARLINHA DE ONIBUS;;;CIDADE ADEMAR;PAULO ROBERTO FARIA LIMA;PART.DO MOVIMENTO DEMOCRATICO BRASILEIRO
3665;IND;;598;1993;AO SR. PREFEITO ASSUNTO: DESMEMBRAMENTO DA ÀREA, DO JARDIM DOS EUCALIPTOS,EM SANTO.;;LOTEAMENTOTERRAS FEDERAIS;;AR-SA;JARDIM DOS EUCALIPTOS (AR;MANOEL DE OLIVEIRA SALA;PARTIDO PROGRESSISTA BRASILEIRO
3705;IND;;638;1993;SR. PREFEITO CANALIZAÇÃO DO CÓRREGO DA RAPADURA, QUE TÊM INÍCIO NO JD. TEXTIL, NA V.FORMOSA E TERMINA NO RIO ARICANDUVA, AR/MO;;CANALIZACAO DE CORREGOCORREGO RAPADURA;;AR-MO;VILA FORMOSA;MANOEL DE OLIVEIRA SALA;PARTIDO PROGRESSISTA BRASILEIRO
3712;IND;;645;1993;SR. PREFEITO CONSTRUÇÃO DE UM CENTRO DA JUVENTUDE, PARA O PARQUE SANTA MADALENA, SAPOPEMBA, AR/VP;;CENTRO DA JUVENTUDESAPOPEMBA;;AR-VP;PARQUE SANTA MADALENA;MANOEL DE OLIVEIRA SALA;PARTIDO PROGRESSISTA BRASILEIRO
3713;IND;;646;1993;SR. PREFEITO CONSTRUÇÃO DE UMA CRECHE, PARA O PARQUE SANTA MADA LENA, NO SAPOPEMBA, AR/VP;;CRECHESAPOPEMBA;;AR-VP;PARQUE SANTA MADALENA;MANOEL DE OLIVEIRA SALA;PARTIDO PROGRESSISTA BRASILEIRO
3728;IND;;661;1993;SR. PREFEITO CANALIZAÇÃO DO CÓRREGO PONTE RASA, VILA BUENOS AIRES, AR/PENHA;;CANALIZACAO DE CORREGOCORREGO PONTE RASA;;AR-PE;VILA BUENOS AIRES (AR-PE);DALMO PESSOA DE ALMEIDA;PART.DO MOVIMENTO DEMOCRATICO BRASILEIRO
3753;IND;;686;1993;SR. GOVERNADOR DO ESTADO DE SÃO PAULO CONSTRUÇÃO DE ESCOLA DE PRIMEIRO E SEGUNDO GRAUS, JD. LAPENA, - AR/S.MIGUEL PAULISTA;;ESCOLA MUNICIPAL DE PRIMEIRO E SEGUNDO GRAUS;;AR-MP;JARDIM LAPENA;DALMO PESSOA DE ALMEIDA;PART.DO MOVIMENTO DEMOCRATICO BRASILEIRO
3803;IND;;736;1993;SR. PREFEITO / CANALIZACAO DO RIO TABOAO, RIO TABOAO, VILA ANTONI ETA, AR/MOOCA;;CANALIZACAO DE CORREGOCORREGO TABOAO;;AR-MO;VILA ANTONIETA (AR-MO);JOSE FERREIRA DO NASCIMENTO;PARTIDO PROGRESSISTA BRASILEIRO
3842;IND;;775;1993;AO SR. PREFEITO ASSUNTO: INSTALAÇÃO DE UM POSTO DE SAÚDE NA RE GIÃO DOS BAIRROS JARDIM S. ROBERTO, ALTOS DE VILA PRUDENTE, VILA CARDOSO FRANCO E CONJ. JAÚ, A.R. DE VILA PRUDENTE.;;JARDIM SAO ROBERTOPOSTO DE SAUDE;;AR-VP;ALTOS DE VILA PRUDENTE;ARCHIBALDO FENICIO ZANCRA;PARTIDO LIBERAL
3905;IND;;838;1993;"SABESP REDE DE ÁGUAS E ESGOTOS NO JD. DA CONQUISTA, CONHECIDO COMO ""SITIÃO DO CARRÃOZINHO""";;REDE DE AGUA/SABESPREDE DE ESGOTO;;AR-SM;JARDIM DA CONQUISTA;ARNALDO DE ABREU MADEIRA;PARTIDO DA SOCIAL DEMOCRACIA BRASILEIRA
3937;IND;;870;1993;AO SR. PREFEITO ASSUNTO: CONSTRUÇÃO DE UM CENTRO DA JUVENTUDE, PARA O JD. FANGANIELLO, EM GUAIANAZES.;;CENTRO DA JUVENTUDE;;AR-IQ;JARDIM FANGANIELLO;MANOEL DE OLIVEIRA SALA;PARTIDO PROGRESSISTA BRASILEIRO
3946;IND;;879;1993;AO SR. PREFEITO ASSUNTO: REABERTURA DO HOSPITAL PILOTO, DO JD. CAMPOS ITAIM PAULISTA.;;HOSPITAL;;AR-MP;JARDIM CAMPOS;MANOEL DE OLIVEIRA SALA;PARTIDO PROGRESSISTA BRASILEIRO
3951;IND;;884;1993;AO SR. PREFEITO ASSUNTO:IMPLANTAÇÃO DE UM SACOLÃO NO JD. CAMPOS PARA PODER ATENDER TODOS BAIRROS VIZINHOS, JD. IPÊ, JD. BARTIRA.;;ITAIM PAULISTA/SACOLAOJARDIM CAMPOS;;;JARDIM BARTIRA;MANOEL DE OLIVEIRA SALA;PARTIDO PROGRESSISTA BRASILEIRO
3952;IND;;885;1993;AO SR. PREFEITO ASSUNTO: CONSTRUÇÃO DE UM CENTRO DA JUVENTUDE, PARA O JD. CAMPOS, ITAIM PAULISTA.;;CENTRO DA JUVENTUDEITAIM PAULISTA;;AR-MP;JARDIM CAMPOS;MANOEL DE OLIVEIRA SALA;PARTIDO PROGRESSISTA BRASILEIRO
3953;IND;;886;1993;AO SR. PREFEITO ASSUNTO: CONSTRUÇÃO DE UM POSTO POLICIAL, PARA O JD. CAMPOS EM ITAIM PAULISTA.;;ITAIM PAULISTAPOSTO POLICIAL;;AR-MP;JARDIM CAMPOS;MANOEL DE OLIVEIRA SALA;PARTIDO PROGRESSISTA BRASILEIRO
4012;IND;;945;1993;SR. PREFEITO IMPLANTAÇÃO DE UMA CRECHE NO BAIRRO DE V.MEDEIROS, AR/VM-VG;;CRECHE;;AR-MG;VILA MEDEIROS;WADIH JORGE MUTRAN;PARTIDO DEMOCRATICO TRABALHISTA
4095;IND;;1028;1993;SR. PREFEITO IMPLANTAÇÃO DE LINHA DE ONIBUS, ENTRE O JD. SÃO LU IS E A CIDADE UNIVERSITÁRIA, JD. SÃO LUIS, AR/CL;;JARDIM SAO LUIS (AR-CL)LINHA DE ONIBUS;;;CIDADE UNIVERSITARIA;MARIO POERNER DIAS FERNANDES;DEMOCRATAS
4156;IND;;1089;1993;AO SR. PREFEITO ASSUNTO:IMPLANTAÇÃO DE UM SACOLÃO NA VILA DIVA.;;SACOLAO;;AR-MO;VILA DIVA (AR-MO);MANOEL DE OLIVEIRA SALA;PARTIDO PROGRESSISTA BRASILEIRO
4163;IND;;1096;1993;AO SR. PREFEITO ASSUNTO: CANALIZAÇÃO DO CÔRREGO UBERABA, NA VILA PRIMAVERA SAPOPEMBA.;;CANALIZACAO DE CORREGOCORREGO TABOAO;;AR-VP;VILA PRIMAVERA (AR-VP);MANOEL DE OLIVEIRA SALA;PARTIDO PROGRESSISTA BRASILEIRO
4165;IND;;1098;1993;AO SR. PREFEITO ASSUNTO:IMPLANTAÇÃO DE UM SACOLÃOPARA O JARDIM SÃO JORGE, EM STO AMARO.;;SACOLAO;;AR-SA;JARDIM SAO JORGE (AR-SA);MANOEL DE OLIVEIRA SALA;PARTIDO PROGRESSISTA BRASILEIRO
4174;IND;;1107;1993;AO SR. PREFEITO ASSUNTO: CANALIZAÇÃO DE CÓRREGO, LOCAL: ENTRE A RUA VISCOME DE BALSEMÃO E AV. ARICANDUVA, BAIRO: VILA ANTONINA.;;CANALIZACAO DE CORREGO/URBANIZACAOCORREGO RAPADURA;;AR-MO;VILA ANTONINA;EMILIO MENEGHINI;PARTIDO PROGRESSISTA BRASILEIRO
4176;IND;;1109;1993;AO SR. PREFEITO ASSUNTO: CANALIZAÇÃO, LOCAL: CÓRREGO IPIRANGUINHA, BAIRRO: VILA CRUZEIRO VILA FORMOSA.;;CANALIZACAO DE CORREGOCORREGO IPIRANGUINHA;;AR-VP;VILA CRUZEIRO (AR-VP);EMILIO MENEGHINI;PARTIDO PROGRESSISTA BRASILEIRO
4367;IND;;1300;1993;AO SR. PREFEITO CONSTRUÇÃO DE CRECHE NO JARDIM GRAÚNA AR-CAPE LA DO SOCORRO.;;CRECHE;;AR-CS;JARDIM GRAUNA;DALMO PESSOA DE ALMEIDA;PART.DO MOVIMENTO DEMOCRATICO BRASILEIRO
4381;IND;;1314;1993;AO SR. PREFEITO ASSUNTO: CONSTRUÇÃO DE ESCOLA DE PROIMEIRO GRAU LOCAL: JD. GRAÚNA, BAIRRO: JARDIM GRAÚNA.;;ESCOLA MUNICIPAL DE PRIMEIRO GRAU;;AR-CS;JARDIM GRAUNA;DALMO PESSOA DE ALMEIDA;PART.DO MOVIMENTO DEMOCRATICO BRASILEIRO
4423;IND;;1356;1993;SR. PREFEITO IMPLANTAÇÃO DE LINHA DE ÔNIBUS COM PONTO INICIAL E FINAL NO PARQUE CRUZEIRO DO SUL, E QUE VÁ ATÉ O TERMINAL BRES SER, PASSANDO POR ERMELINO MATARAZZO E PENHA, AR/MP;;ERMELINO MATARAZZO/ESTACAO DE METRO BRESSER/PENHALINHA DE ONIBUS;;;PARQUE CRUZEIRO DO SUL (A;JOSE COSME LOPES LIMA;PARTIDO PROGRESSISTA BRASILEIRO
4537;IND;;1470;1993;SR. PREFEITO IMPLANTAÇÃO DE UM SACOLÃO MUNICIPAL PARA OS MORADO RES DA V.CLARA, JABAQUARA;;SACOLAOJABAQUARA;;AR-VM;VILA CLARA (AR-VM);MANOEL DE OLIVEIRA SALA;PARTIDO PROGRESSISTA BRASILEIRO
4538;IND;;1471;1993;SR. PREFEITO CONSTRUÇÃO DE UM VELÓRIO MUNICIPAL, PARA O PQ. EDU CHAVES;;VELORIO MUNICIPAL;;AR-MG;PARQUE EDU CHAVES;MANOEL DE OLIVEIRA SALA;PARTIDO PROGRESSISTA BRASILEIRO
4548;IND;;1481;1993;SR. PREFEITO IMPLANTAÇÃO DE UM SACOLÃO MUNICIPAL, PARA JD. MARI LENE, GUAIANAZES;;SACOLAOGUAIANASES;;AR-IQ;VILA MARILENA;MANOEL DE OLIVEIRA SALA;PARTIDO PROGRESSISTA BRASILEIRO
4557;IND;;1490;1993;AO SR. PREFEITO ASSUNTO: IMPLANTAÇÃO DE UM SACOLÃO MUNICIPAL, PARA JD. SÃO JORGE, STO AMARO.;;SACOLAO;;AR-SA;JARDIM SAO JORGE (AR-SA);MANOEL DE OLIVEIRA SALA;PARTIDO PROGRESSISTA BRASILEIRO
4570;IND;;1503;1993;AO SR. PREFEITO ASSUNTO: INSTALAÇÃO DE DISTRITO POLICIAL,LOCAL: BAIRRO JD. POPULAR.;;DISTRITO POLICIAL;;AR-PE;JARDIM POPULAR;ANTONIO DE PAIVA MONTEIRO Fo.;PARTIDO DA REPÚBLICA
4712;IND;;1645;1993;SR. PREFEITO CANALIZAÇÃO DE CÓRREGO NO CÓRREGO UBERABA (FINAL DA RUA SANTO ADON) NO JD. COLORADO - V. FORMOSA;;CORREGO TABOAOCANALIZACAO DE CORREGO;;AR-VP;JARDIM COLORADO;EMILIO MENEGHINI;PARTIDO PROGRESSISTA BRASILEIRO
4927;IND;;1860;1993;AO SR. PREFEITO ASSUNTO: EXECUTAR A CONCLUSÃO DA OBRA DO MERCADO MUNICIPAL DE CACHOEIRINHA.;;OBRAS PUBLICASMERCADO MUNICIPAL DE VILA NOVA CACHOEIRINHA;;AR-FO;VILA NOVA CACHOEIRINHA;JOSE COSME LOPES LIMA;PARTIDO PROGRESSISTA BRASILEIRO
4962;IND;;1895;1993;SR. PREFEITO INCLUSÃO NO CURRÍCULO DA REDE ESCOLAR DO MUNICÍPIO DE SÃO PAULO, VISITAS AO MENOS UMA VEZ POR ANO AO ZOOLÓGICO, AO INSTITUTO BUTANTÃ, AO PLANETÁRIO, AOS MUSEUS E OUTRAS ATIVIDADES CULTURAIS;;ATIVIDADE CULTURAL/CURRICULO ESCOLARENSINO MUNICIPAL/INSTITUTO BUTANTA;;;JARDIM ZOOLOGICO;EDIVALDO ALVES ESTIMA;PARTIDO POPULAR SOCIALISTA
4970;IND;;1903;1993;AO SR.PREFEITO INSTALAÇÃO DE POSTO DE SAÚDE - DISTRITO BELENZINHO CHÁCARA TATUAPÉ.;;POSTO DE SAUDEBELENZINHO;;AR-MO;CHACARA TATUAPE;MARIO MASANOBU NODA;PARTIDO TRABALHISTA BRASILEIRO
4971;IND;;1904;1993;AO SR.PREFEITO INSTALAÇÃO DE POSTO DE SAÚDE - DISTRITO TATUAPÉVILA GOMES CARDIM.;;TATUAPEPOSTO DE SAUDE;;AR-MO;VILA GOMES CARDIM;MARIO MASANOBU NODA;PARTIDO TRABALHISTA BRASILEIRO
4972;IND;;1905;1993;AO SR.PREFEITO INSTALAÇÃO DE POSTO DE SAÚDE - DISTRITO ÁGUA RASA-VILA RIO BRANCO.;;POSTO DE SAUDEAGUA RASA (BAIRRO);;AR-MO;VILA RIO BRANCO (AR-MO);MARIO MASANOBU NODA;PARTIDO TRABALHISTA BRASILEIRO
4973;IND;;1906;1993;AO SR.PREFEITO INSTALAÇÃO DE POSTO DE SAÚDE - DISTRITO VILA PRU DENTE -PQ.DA MOOCA.;;POSTO DE SAUDE;;AR-MO;PARQUE DA MOOCA;MARIO MASANOBU NODA;PARTIDO TRABALHISTA BRASILEIRO
4974;IND;;1907;1993;AO SR.PREFEITO INSTALAÇÃO DE POSTO DE SAÚDE - DISTRITO DE VILA MATILDE-VILA GUILHERMINA.;;VILA GUILHERMINAPOSTO DE SAUDE;;AR-PE;VILA MATILDE;MARIO MASANOBU NODA;PARTIDO TRABALHISTA BRASILEIRO
4975;IND;;1908;1993;AO SR.PREFEITO INSTALAÇÃO DE POSTO DE SAÚDE -DISTRITO PENHA VILA RÉ.;;POSTO DE SAUDEPENHA;;AR-PE;VILA RE;MARIO MASANOBU NODA;PARTIDO TRABALHISTA BRASILEIRO
4976;IND;;1909;1993;AO SR.PREFEITO INSTALAÇÃO DE POSTO DE SAÚDE -DISTRITO DE VILA CURUÇA -JD.DOS IPÊS.;;POSTO DE SAUDEVILA CURUCA;;AR-MP;JARDIM DOS IPES;MARIO MASANOBU NODA;PARTIDO TRABALHISTA BRASILEIRO
4977;IND;;1910;1993;AO SR.PREFEITO -INSTALAÇÃO DE POSTO DE SAÚDE - DISTRITO ITAIM PAU LISTA-VILA ITAIM.;;POSTO DE SAUDEITAIM PAULISTA;;AR-MP;VILA ITAIM;MARIO MASANOBU NODA;PARTIDO TRABALHISTA BRASILEIRO
4978;IND;;1911;1993;AO SR.PREFEITO INSTALAÇÃO DE POSTO DE SAÚDE -DISTRITO SÃO MI GUEL PQ.PAULISTANO.;;SAO MIGUEL (DISTRITO)POSTO DE SAUDE;;AR-MP;PARQUE PAULISTANO;MARIO MASANOBU NODA;PARTIDO TRABALHISTA BRASILEIRO
4979;IND;;1912;1993;AO SR.PREFEITO INSTALAÇÃO DE POSTO DE SAÚDE - DISTRITO SÃO MIGU EL -VILA ROSÁRIO-;;SAO MIGUEL (DISTRITO)POSTO DE SAUDE;;AR-MP;VILA ROSARIA;MARIO MASANOBU NODA;PARTIDO TRABALHISTA BRASILEIRO
4980;IND;;1913;1993;AO SR.PREFEITO INSTALAÇÃO DE POSTO DE SAÚDE - DISTRITO IGUATEMI JD.IGUATEMI.;;POSTO DE SAUDEIGUATEMI (DISTRITO);;AR-SM;JARDIM IGUATEMI;MARIO MASANOBU NODA;PARTIDO TRABALHISTA BRASILEIRO
4982;IND;;1915;1993;AO SR.PREFEITO INSTALAÇÃO DE POSTO DE SAÚDE - DISTRITO GRAJAÚPQ.AMÉRICO.;;POSTO DE SAUDEGRAJAU (DISTRITO);;AR-CS;PARQUE AMERICA;MARIO MASANOBU NODA;PARTIDO TRABALHISTA BRASILEIRO
4983;IND;;1916;1993;AO SR.PREFEITO INSTALAÇÃO DE POSTO DE SAÚDE- DISTRITO CIDADE DU TRA .;;CIDADE DUTRAPOSTO DE SAUDE;;AR-CS;CIDADE DUTRA (DISTRITO);MARIO MASANOBU NODA;PARTIDO TRABALHISTA BRASILEIRO
4984;IND;;1917;1993;AO SR.PREFEITO INSTALAÇÃO DE POSTO DE SAÚDE - DISTRITO CIDADE ADEMAR -CIDADE JULIA.;;POSTO DE SAUDECIDADE ADEMAR (DISTRITO);;AR-VM;CIDADE JULIA;MARIO MASANOBU NODA;PARTIDO TRABALHISTA BRASILEIRO
4985;IND;;1918;1993;AO SR.PREFEITO INSTALAÇÃO DE POSTO DE SAÚDE - DISTRITO VILA MARIANA -JD.VILA MARIANA-;;POSTO DE SAUDEVILA MARIANA (DISTRITO);;AR-VM;JARDIM VILA MARIANA;MARIO MASANOBU NODA;PARTIDO TRABALHISTA BRASILEIRO
4986;IND;;1919;1993;AO SR.PREFEITO INSTALAÇÃO DE POSTO DE SAÚDE - DISTRITO IPIRANGA VILA DOM PEDRO I.;;POSTO DE SAUDEIPIRANGA (DISTRITO);;AR-IP;VILA DOM PEDRO I;MARIO MASANOBU NODA;PARTIDO TRABALHISTA BRASILEIRO
4987;IND;;1920;1993;AO SR.PREFEITO INSTALAÇÃO DE POSTO DE SAÚDE - DISTRITO ITAIM BI BI CIDADE MONÇÕES.;;ITAIM BIBI (DISTRITO)POSTO DE SAUDE;;AR-SA;CIDADE MONCOES;MARIO MASANOBU NODA;PARTIDO TRABALHISTA BRASILEIRO
4988;IND;;1921;1993;AO SR.PREFEITO INSTALAÇÃO DE POSTO DE SAÚDE - DISTRITO SAÚDE VILA AFONSO CELSO.;;VILA AFONSO CELSOPOSTO DE SAUDE;;AR-VM;VILA MARIANA (DISTRITO);MARIO MASANOBU NODA;PARTIDO TRABALHISTA BRASILEIRO
5006;IND;;1939;1993;SR. PREFEITO LIMPEZAS DE MATOS ALTOS, AOS REDORES DOS CÓRREGOS: CÓRREGO RIBEIRÃO ORATÓRIO, CÓRREGO ÁGUAS VERMELHAS;;CORREGO ORATORIO/CAPINACORREGO AGUA VERMELHA (AR-VP);;AR-VP;VILA INDUSTRIAL;MANOEL DE OLIVEIRA SALA;PARTIDO PROGRESSISTA BRASILEIRO
5015;IND;;1948;1993;SR. PREFEITO CANALIZAÇÃO DO CÓRREGO SÃO JOÃO, V.SANTANA DO AGRESTE, JD. CAMARGO VELHO, ITAIM PAULISTA;;CORREGO SAO JOAO/ITAIM PAULISTACANALIZACAO DE CORREGO;;;VILA SANTANA DO AGRESTE;MANOEL DE OLIVEIRA SALA;PARTIDO PROGRESSISTA BRASILEIRO
5017;IND;;1950;1993;SR. PREFEITO LIMPEZAS DOS CÓRREGOS: CÓRREGO DAS ÁGUAS VERMELHAS CÓRREGO RIBEIRÃO ORATÓRIO;;CORREGO AGUA VERMELHA (AR-VP)/CORREGO ORATORIOLIMPEZA DE CORREGO;;AR-VP;VILA INDUSTRIAL;MANOEL DE OLIVEIRA SALA;PARTIDO PROGRESSISTA BRASILEIRO
5019;IND;;1952;1993;SR. PREFEITO DESRATIZAÇÃO DOS CÓRREGOS: CÓRREGO ÁGUAS VERMELHAS CÓRREGO RIBEIRÃO ORATÓRIO;;DESRATIZACAO/CORREGO AGUA VERMELHA (AR-VP)CORREGO ORATORIO;;AR-VP;VILA INDUSTRIAL;MANOEL DE OLIVEIRA SALA;PARTIDO PROGRESSISTA BRASILEIRO
5028;IND;;1961;1993;SR. PREFEITO CONSTRUÇÃO DE UM CENTRO DA JUVENTUDE, PARA V.SANTANA DO AGRESTE, JD. CAMARGO VELHO, ITAIM PAULISTA;;ITAIM PAULISTACENTRO DA JUVENTUDE;;AR-MP;VILA SANTANA DO AGRESTE;MANOEL DE OLIVEIRA SALA;PARTIDO PROGRESSISTA BRASILEIRO
5030;IND;;1963;1993;AO SR. PREFEITO ASSUNTO: CONSTRUÇÃO DE UMA CRECHE, PARA VILA SANTANA DO AGRESTE, JD. CAMARGO VELHO, ITAIM PAULISTA.;;ITAIM PAULISTACRECHE;;AR-MP;VILA SANTANA DO AGRESTE;MANOEL DE OLIVEIRA SALA;PARTIDO PROGRESSISTA BRASILEIRO
5031;IND;;1964;1993;AO SR. PREFEITO ASSUNTO: CONSTRUÇÃO DE UMA ESCOLA MUNICIPAL DE EDUCAÇÃO INFALTIL PARA À VILA SANTANA DO AGRESTE, JD. CAMARGO VELHO, ITAIM PAULISTA.;;ITAIM PAULISTAESCOLA MUNICIPAL DE EDUCACAO INFANTIL;;AR-MP;JARDIM CAMARGO VELHO;MANOEL DE OLIVEIRA SALA;PARTIDO PROGRESSISTA BRASILEIRO
5039;IND;;1972;1993;AO SR. PREFEITO ASSUNTO: CONSTRUÇÃO DE UM POSTO DE SAÚDE, PARA PODER ATENDER OS MORADORES DO JD, MARILENE, EM GUAIANAZES.;;POSTO DE SAUDEGUAIANASES;;AR-IQ;VILA MARILENA;MANOEL DE OLIVEIRA SALA;PARTIDO PROGRESSISTA BRASILEIRO
5045;IND;;1978;1993;AO SR. PREFEITO ASSUNTO: IMPLANTAÇÃO DE UM SACOLÃO MUNICIPAL, PARA PODER ATENDER OS MORADORES DO JD. AEROPORTO.;;SACOLAO;;AR-VM;JARDIM AEROPORTO;MANOEL DE OLIVEIRA SALA;PARTIDO PROGRESSISTA BRASILEIRO
5094;IND;;2027;1993;SR. PREFEITO ASFALTAMENTO DAS RUAS DO JD. MARILENE EM GUAIANAZES;;PAVIMENTACAOGUAIANASES;;AR-IQ;VILA MARILENA;MANOEL DE OLIVEIRA SALA;PARTIDO PROGRESSISTA BRASILEIRO
5108;IND;;2041;1993;AO SR. PREFEITO ASSUNTO: LIMPEZA E MANUTENÇÃO DE TODOS OS SEMÁFOROS DAS REGIÕES DE VILA GUILHERME, ALT. DE VILA MARIA E PARQUE NOVO MUNDO.;;MANUTENCAO DE SEMAFOROSEMAFORO;;;PARQUE NOVO MUNDO;WADIH JORGE MUTRAN;PARTIDO DEMOCRATICO TRABALHISTA
5117;IND;;2050;1993;AO SR. PRESIDENTE DA C.M.T.C., SOLICITANDO IMPLANTAÇÃO DE UMA LIN HA DE ÔNIBUS, PARA O JARDIM PAULISTA II.;;LINHA DE ONIBUS;;;JARDIM PAULISTANO II;JOSE VIVIANI FERRAZ;PARTIDO LIBERAL
5122;IND;;2055;1993;SR. PREFEITO MUDANÇA DA USINA DE COMPOSTAGEM DE LIXO DA V.LEO POLDINA, PARA OUTRO LOCAL MAIS ADEQUADO;;USINA DE COMPOSTAGEMMUDANCA DE LOCAL;;;VILA LEOPOLDINA;JOSE VIVIANI FERRAZ;PARTIDO LIBERAL
5136;IND;;2069;1993;SR. PREFEITO CONSTRUÇÃO DE UMA ÁREA DE LAZER NAS PROXIMIDADES DO CEMITERIO DE V.N.CACHOEIRINHA, BAIRRO DE CASA VERDE ALTA, AR/ FÓ;;CEMITERIO VILA NOVA CACHOEIRINHAAREA DE LAZER;;AR-FO;VILA NOVA CACHOEIRINHA;JOSE COSME LOPES LIMA;PARTIDO PROGRESSISTA BRASILEIRO
5175;IND;;2108;1993;AO SR. PREFEITO ASSUNTO: LIMPEZA DO CÓRREGO RIACHO DOS MACHADOS JD. ITAPÓLIS.;;RIACHO DOS MACHADOSLIMPEZA DE CORREGO;;AR-SM;JARDIM ITAPOLIS;MANOEL DE OLIVEIRA SALA;PARTIDO PROGRESSISTA BRASILEIRO
5176;IND;;2109;1993;AO SR. PREFEITO ASSUNTO: CANALIZAÇÃO DO CORREGO RIACHO DOS MACHADOS, JD. ITAPÓLIS.;;RIACHO DOS MACHADOSCANALIZACAO DE CORREGO;;AR-SM;JARDIM ITAPOLIS;MANOEL DE OLIVEIRA SALA;PARTIDO PROGRESSISTA BRASILEIRO
5265;IND;;2198;1993;SR. PREFEITO / TRANSPORTE COLETIVO NO JD. UMARIZAL, JD. SANDRA MA RIA, E JD. REBOUCAS, CAMPO LIMPO, AR/CAMPO LIMPO;;JARDIM REBOUCAS (AR-CL)/LINHA DE ONIBUSTRANSPORTE COLETIVO URBANO;;AR-CL;JARDIM UMARIZAL;NELLO RODOLPHO GIONGO FILHO;PART.DO MOVIMENTO DEMOCRATICO BRASILEIRO
5278;IND;;2211;1993;AO SR. PREFEITO ASSUNTO: LIMPEZA DE ESGOTOS, LOCAL: JD. SANTA MARIA, BAIRRO: JD. SANTA MARIA.;;LIMPEZA DE ESGOTO;;AR-MP;JARDIM SANTA MARIA (AR-MP;NELLO RODOLPHO GIONGO FILHO;PART.DO MOVIMENTO DEMOCRATICO BRASILEIRO
5279;IND;;2212;1993;AO SR. PREFEITO ASSUNTO: LIMPEZA DE CÓRREGO, LOCAL: JD. SANTA MARIA, BAIRRO: JD. SANTA MARIA.;;LIMPEZA DE CORREGO;;AR-MP;JARDIM SANTA MARIA (AR-MP;NELLO RODOLPHO GIONGO FILHO;PART.DO MOVIMENTO DEMOCRATICO BRASILEIRO
5288;IND;;2221;1993;AO SR. PREFEITO ASSUNTO: LINHA DE ÔNIBUS, LOCAL: JD. MAIA,BAIRRO: JD. MAIA.;;LINHA DE ONIBUS;;AR-MP;JARDIM MAIA;NELLO RODOLPHO GIONGO FILHO;PART.DO MOVIMENTO DEMOCRATICO BRASILEIRO
5289;IND;;2222;1993;AO SR. PREFEITO ASSUNTO: ASFALTO, LOCAL: JD. MAIA, BAIRRO: JD. MAIA.;;PAVIMENTACAO;;AR-MP;JARDIM MAIA;NELLO RODOLPHO GIONGO FILHO;PART.DO MOVIMENTO DEMOCRATICO BRASILEIRO
5290;IND;;2223;1993;AO SR. PREFEITO ASSUNTO: ESGOTO,LOCAL: JD. MAIA SÃO MIGUEL PAULISTA.;;REDE DE ESGOTO;;AR-MP;JARDIM MAIA;NELLO RODOLPHO GIONGO FILHO;PART.DO MOVIMENTO DEMOCRATICO BRASILEIRO
5310;IND;;2243;1993;AO SR. PREFEITO ASSUNTO: ILUMINAÇÃO PÚBLICA, LOCAL: VILA IARA BAIRRO: PIRITUBA.;;PIRITUBA/AR PIRITUBA/JARAGUAILUMINACAO PUBLICA;;;VILA IARA;NELLO RODOLPHO GIONGO FILHO;PART.DO MOVIMENTO DEMOCRATICO BRASILEIRO
5355;IND;;2288;1993;AO EXECUTIVO MUNICIPAL ASSUNTO: IMPLANTAÇÃO DE UM POSTO DE SAÚDE NO JD. STA. CRUZ.;;POSTO DE SAUDE;;AR-FO;JARDIM SANTA CRUZ (AR-FO);HANNA GHARIB;PARTIDO PROGRESSISTA BRASILEIRO
5357;IND;;2290;1993;AO EXECUTIVO MUNICIPAL ASSUNTO: CANALIZAÇÃO DO CÓRREGO GUARAÚ, TRECHO DA VILA DIONÍSIA ATÉ O JD. PERI.;;ARRUAMENTO/CANALIZACAO DE CORREGOCORREGO GUARAU;;;VILA NOVA CACHOEIRINHA;HANNA GHARIB;PARTIDO PROGRESSISTA BRASILEIRO
5383;IND;;2316;1993;AO SR. PREFEITO ASSUNTO: ILUMINAÇÃO PÚBLICA, LOCAL: RUA PARTICULAR, BAIRRO: VILA FORMOSA.;;RUA PARTICULARILUMINACAO PUBLICA;;AR-MO;VILA FORMOSA;NELLO RODOLPHO GIONGO FILHO;PART.DO MOVIMENTO DEMOCRATICO BRASILEIRO
5404;IND;;2337;1993;AO SR. PREFEITO ASSUNTO: REDE DE ESGOTO, LOCAL: JD. VARGINHA.;;REDE DE ESGOTO;;AR-CS;JARDIM VARGINHA;NELLO RODOLPHO GIONGO FILHO;PART.DO MOVIMENTO DEMOCRATICO BRASILEIRO
5413;IND;;2346;1993;SR. PREFEITO / ESCOLA MUNICIPAL NO JD. VARGINHA, CAPELA DO SOCORRO, AR/SANTO AMARO;;ESCOLA MUNICIPAL;;AR-CS;JARDIM VARGINHA;NELLO RODOLPHO GIONGO FILHO;PART.DO MOVIMENTO DEMOCRATICO BRASILEIRO
5414;IND;;2347;1993;SR. PREFEITO / POSTO DE SAUDE NO JD. VARGINHA,CAPELA DO SOCORRO, AR/SANTO AMARO;;POSTO DE SAUDE;;AR-CS;JARDIM VARGINHA;NELLO RODOLPHO GIONGO FILHO;PART.DO MOVIMENTO DEMOCRATICO BRASILEIRO
5417;IND;;2350;1993;SR. PREFEITO / LINHA DE ONIBUS LIGANDO JD. VARGINHA-PINHEIROS, JD. VARGINHA, CAPELA DO SOCORRO, AR/SANTO AMARO;;PINHEIROSLINHA DE ONIBUS;;AR-CS;JARDIM VARGINHA;NELLO RODOLPHO GIONGO FILHO;PART.DO MOVIMENTO DEMOCRATICO BRASILEIRO
5432;IND;;2365;1993;SR. PREFEITO / CANALIZACAO DO CORREGO GUARAU, BAIRRO JD. PERI, AR /FO;;CORREGO GUARAUCANALIZACAO DE CORREGO;;AR-FO;JARDIM PERI;JOSE COSME LOPES LIMA;PARTIDO PROGRESSISTA BRASILEIRO
5648;IND;;2581;1993;AO SR. PREFEITO ASSUNTO: INSTALAÇÃO DE AGÊNCIA FUNERÁRIA, LOCAL VELÓRIO DA VILA FORMOSA, BAIRRO: VILA FORMOSA.;;AGENCIA FUNERARIAVELORIO DE VILA FORMOSA;;AR-MO;VILA FORMOSA;ANTONIO DE PAIVA MONTEIRO Fo.;PARTIDO DA REPÚBLICA
5656;IND;;2589;1993;AO SR. PREFEITO ASSUNTO: COLOCAÇÃO DE GRADES, LOCAL: PONTE DO PARQUE NOVO MUNDO, BAIRRO: PARQUE NOVO MUNDO.;;PONTEGRADE DE PROTECAO;;AR-MG;PARQUE NOVO MUNDO;WADIH JORGE MUTRAN;PARTIDO DEMOCRATICO TRABALHISTA
5659;IND;;2592;1993;SR. PREFEITO CANALIZAÇÃO DO CÓRREGO NOVO MUNDO - AR-VM-VG;;CANALIZACAO DE CORREGOCORREGO NOVO MUNDO;;AR-MG;PARQUE NOVO MUNDO;WADIH JORGE MUTRAN;PARTIDO DEMOCRATICO TRABALHISTA
5663;IND;;2596;1993;SR. PREFEITO IMPLANTAÇÃO DE UMA LINHA DE ÔNIBUS LIGANDO A PENHA A LAPA, PASSANDO PELO PARQUE NOVO MUNDO E PELA MARGINAL DO TIETÊ;;LAPA/LINHA DE ONIBUS/PENHAMARGINAL DO RIO TIETE;;;PARQUE NOVO MUNDO;WADIH JORGE MUTRAN;PARTIDO DEMOCRATICO TRABALHISTA
5679;IND;;2612;1993;AO SR. PREFEITO ASSUNTO: IMPLANTAÇÃO DE UM CENTRO CULTURAL OU UMA BIBLIOTECA NO BAIRRO DO PARQUE NOVO MUNDO.;;CENTRO CULTURALBIBLIOTECA PUBLICA;;AR-MG;PARQUE NOVO MUNDO;WADIH JORGE MUTRAN;PARTIDO DEMOCRATICO TRABALHISTA
5702;IND;;2635;1993;SR. PREFEITO CONSTRUÇÃO DE UM MINI-CEASA. LOCAL: C.A.E.C., BAIR RO C.A.E. CARVALHO, AR-PE;;MINI CEASA;;AR-PE;CIDADE A. E. CARVALHO;MARIO MASANOBU NODA;PARTIDO TRABALHISTA BRASILEIRO
5705;IND;;2638;1993;SR. PREFEITO CONSTRUÇÃO DE UM CLUB DESPORTIVO MUNICIPAL NO JD. DAS CARMELITAS, DISTRITO CIDADE LIDER, AR-PE;;JARDIM DAS CARMELITASCLUBE DESPORTIVO MUNICIPAL;;AR-PE;CIDADE LIDER;MARIO MASANOBU NODA;PARTIDO TRABALHISTA BRASILEIRO
5707;IND;;2640;1993;SR. PREFEITO CONSTRUÇÃO DE UM HOSPITAL DIA EM SAÚDE MENTAL, DIS TRITO V. MATILDE,CHÁCARA 6 DE OUTUBRO, AR-PE;;VILA MATILDE (DISTRITO)HOSPITAL DIA EM SAUDE MENTAL;;AR-PE;CHACARA SEIS DE OUTUBRO;MARIO MASANOBU NODA;PARTIDO TRABALHISTA BRASILEIRO
5708;IND;;2641;1993;SR. PREFEITO CONSTRUÇÃO DE UM HOSPITAL DIA EM SAÚDE MENTAL, DIS TRITO V. CURUÇA, PARQUE SANTA RITA, AR-MP;;HOSPITAL DIA EM SAUDE MENTALVILA CURUCA (DISTRITO);;AR-MP;PARQUE SANTA RITA;MARIO MASANOBU NODA;PARTIDO TRABALHISTA BRASILEIRO
5709;IND;;2642;1993;AO SR. PREFEITO ASSUNTO: CONSTRUÇÃO DE UM HOSPITAL EM SAÚDE MENTAL, LOCAL: CIDADE DUTRA, BAIRRO: BONITO.;;RIO BONITOHOSPITAL DIA EM SAUDE MENTAL;;AR-CS;CIDADE DUTRA (DISTRITO);MARIO MASANOBU NODA;PARTIDO TRABALHISTA BRASILEIRO
5710;IND;;2643;1993;AO SR. PREFEITO ASSUNTO: CONSTRUÇÃO DE UM HOSPITAL DIA EM SAÚDE MENTAL, LOCAL: DISTRITO JD. SÃO LUIZ, BAIRRO: JD. MONTE AZUL.;;JARDIM MONTE AZULHOSPITAL DIA EM SAUDE MENTAL;;AR-CL;JARDIM SAO LUIS (DISTRITO;MARIO MASANOBU NODA;PARTIDO TRABALHISTA BRASILEIRO
5711;IND;;2644;1993;AO SR. PREFEITO ASSUNTO: CONSTRUÇÃO DE UM HOSPITAL DIA EM SAÚDE MENTAL, LOCAL: VILA MEDEIROS, BAIRRO: JD. BRASIL.;;HOSPITAL DIA EM SAUDE MENTALJARDIM BRASIL (AR-MG);;AR-MG;VILA MEDEIROS (DISTRITO);MARIO MASANOBU NODA;PARTIDO TRABALHISTA BRASILEIRO
5712;IND;;2645;1993;AO SR. PREFEITO ASSUNTO: COSNTRUÇÃO DE UM HOSPITAL DIA EM SAÚDE MENTAL, LOCAL: DISTRITO FREGUESIA DE Ó, BAIRRO: JD. MONJOLO.;;HOSPITAL DIA EM SAUDE MENTALFREGUESIA DO O (DISTRITO);;AR-FO;JARDIM MONJOLO;MARIO MASANOBU NODA;PARTIDO TRABALHISTA BRASILEIRO
5713;IND;;2646;1993;AO SR. PREFEITO ASSUNTO: CONSTRUÇÃODE UM HOSPITAL DIA EM SAÚDE MENTAL, LOCAL: DISTRITO SÃO DOMINGOS, BAIRRO:PARQUE SÃO DOMINGOS.;;SAO DOMINGOS (DISTRITO)/AR PIRITUBA/JARAGUAHOSPITAL DIA EM SAUDE MENTAL;;;PARQUE SAO DOMINGOS;MARIO MASANOBU NODA;PARTIDO TRABALHISTA BRASILEIRO
5714;IND;;2647;1993;AO SR. PREFEITO ASSUNTO: COSNTRUÇÃO DE UM HOSPITAL COM PRONTO SOCORRO, LOCAL: DISTRITO JD. ANGELA, BAIRRO: JD. GUARUJÁ.;;JARDIM ANGELA (DISTRITO)/PRONTO SOCORRO MUNICIPALHOSPITAL MUNICIPAL;;AR-CL;JARDIM GUARUJA (SANTO AMA;MARIO MASANOBU NODA;PARTIDO TRABALHISTA BRASILEIRO
5715;IND;;2648;1993;AO SR. PREFEITO ASSUNTO: COSNTRUÇÃO DE UM HOSPITAL COM PRONTO SOCORRO, LOCAL: DISTRITO CAMPO GRANDE, BAIRRO: VILA SÃO PEDRO.;;CAMPO GRANDE (DISTRITO)/PRONTO SOCORRO MUNICIPALHOSPITAL MUNICIPAL;;AR-SA;VILA SAO PEDRO (AR-SA);MARIO MASANOBU NODA;PARTIDO TRABALHISTA BRASILEIRO
5716;IND;;2649;1993;AO SR. PREFEITO ASSUNTO: CONSTRUÇÃO DE UM HOSPITAL COM PRONTO SOCORRO, LOCAL: DISTRITO DE GRAJAÚ, BAIRRO: PARQUE GRAJAÚ.;;PRONTO SOCORRO MUNICIPAL/HOSPITAL MUNICIPALGRAJAU (DISTRITO);;AR-CS;PARQUE GRAJAU;MARIO MASANOBU NODA;PARTIDO TRABALHISTA BRASILEIRO
5717;IND;;2650;1993;AO SR. PREFEITO ASSUNTO: CONSTRUÇÃO DE UM HOSPITAL COM PRONTO SOCORRO, LOCAL: DISTRITO DA LAPA, BAIRRO: VILA ROMANA.;;PRONTO SOCORRO MUNICIPAL/HOSPITAL MUNICIPALLAPA (DISTRITO);;AR-LA;VILA ROMANA;MARIO MASANOBU NODA;PARTIDO TRABALHISTA BRASILEIRO
5718;IND;;2651;1993;AO SR. PREFEITO ASSUNTO: CONSTRUÇÃO DE UM HOSPITAL COM PRONTO DSOCORRO, LOCAL: DISTRITO DE SANTANA, BAIRRO: VILA PAULICEIA.;;PRONTO SOCORRO MUNICIPAL/SANTANA (DISTRITO)HOSPITAL MUNICIPAL;;AR-ST;VILA PAULICEIA;MARIO MASANOBU NODA;PARTIDO TRABALHISTA BRASILEIRO
5719;IND;;2652;1993;AO SR. PREFEITO ASSUNTO: CONSTRUÇÃO DE UM HOSPITAL COM PRONTO SOCORRO, LOCAL: DISTRITO NOVA MAZZEI.;;HOSPITAL MUNICIPAL/PRONTO SOCORRO MUNICIPALTUCURUVI (DISTRITO);;AR-ST;VILA NOVA MAZZEI;MARIO MASANOBU NODA;PARTIDO TRABALHISTA BRASILEIRO
5720;IND;;2653;1993;AO SR. PREFEITO ASSUNTO: CONSTRUÇÃO DE UM HOSPITAL COM PRONTO SOCORRO, LOCAL: DISTRITO DE CANGAIBA, BAIRRO: RUI BARBOSA.;;PRONTO SOCORRO MUNICIPAL/CANGAIBA (DISTRITO)HOSPITAL MUNICIPAL;;AR-PE;VILA RUI BARBOSA;MARIO MASANOBU NODA;PARTIDO TRABALHISTA BRASILEIRO
5721;IND;;2654;1993;AO SR. PREFEITO ASSUNTO: CONSTRUÇÃO DE UM HOSPITAL COM PRONTO SOCORRO, LOCAL: DISTRITO PARQUE DO CARMO, BAIRRO: JD. NOSSA SENHORA DO CARMO.;;JARDIM NOSSA SENHORA DO CARMO (AR-IQ)HOSPITAL MUNICIPAL/PRONTO SOCORRO MUNICIPAL;;AR-IQ;PARQUE DO CARMO (DISTRITO;MARIO MASANOBU NODA;PARTIDO TRABALHISTA BRASILEIRO
5723;IND;;2656;1993;AO SR. PREFEITO ASSUNTO: CONSTRUÇÃO DE UM HOSPITAL COM PRONTO SOCORRO, LOCAL: DISTRITO JD. HELENA, BAIRRO: PARQUE PAULISTANO.;;HOSPITAL MUNICIPALPRONTO SOCORRO MUNICIPAL;;AR-MP;JARDIM HELENA (DISTRITO);MARIO MASANOBU NODA;PARTIDO TRABALHISTA BRASILEIRO
5725;IND;;2658;1993;AO SR. PREFEITO ASSUNTO: INSTALAÇÃO DE UM POSTO DE SAÚDE, LOCAL VILA SÔNIA, BAIRRO: VILA MORSE.;;POSTO DE SAUDEVILA SONIA (DISTRITO);;AR-BT;VILA MORSE;MARIO MASANOBU NODA;PARTIDO TRABALHISTA BRASILEIRO
5727;IND;;2660;1993;AO SR. PREFEITO ASSUNTO: INSTALAÇÃO DE UM POSTO DE SAÚDE, LOCAL SÃO DOMINGOS, BAIRRO: JD. MANGALOT.;;AR PIRITUBA/JARAGUA/POSTO DE SAUDESAO DOMINGOS (DISTRITO);;;JARDIM MANGALOT;MARIO MASANOBU NODA;PARTIDO TRABALHISTA BRASILEIRO
5728;IND;;2661;1993;AO SR. PREFEITO ASSUNTO: INSTALAÇÃO DE UM POSTO DE SAÚDE, LOCAL LIMÃO, BAIRRO: JD. PRIMAVERA.;;POSTO DE SAUDELIMAO (DISTRITO);;AR-FO;JARDIM PRIMAVERA (AR-FO);MARIO MASANOBU NODA;PARTIDO TRABALHISTA BRASILEIRO
5730;IND;;2663;1993;AO SR. PREFEITO ASSUNTO: INSTALAÇÃO DE UM POSTO DE SAÚDE, LOCAL JARAGUA, BAIRRO: PARQUE PANAMERICANO.;;AR PIRITUBA/JARAGUA/JARAGUA (DISTRITO)POSTO DE SAUDE;;;PARQUE PANAMERICANO;MARIO MASANOBU NODA;PARTIDO TRABALHISTA BRASILEIRO
5731;IND;;2664;1993;AO SR. PREFEITO ASSUNTO: INSTALAÇÃO DE UM POSTO DE SAÚDE, LOCAL PERUS, BAIRRO: VILA PERUS.;;POSTO DE SAUDEPERUS (DISTRITO);;AR-PR;VILA PERUS;MARIO MASANOBU NODA;PARTIDO TRABALHISTA BRASILEIRO
5732;IND;;2665;1993;AO SR. PREFEITO ASSUNTO: INSTALAÇÃO DE UM POSTO DE SAÚDE, LOCAL ANHANGUERA, BAIRRO: JD. ANHANGUERA.;;POSTO DE SAUDEANHANGUERA (DISTRITO);;AR-PR;JARDIM ANHANGUERA;MARIO MASANOBU NODA;PARTIDO TRABALHISTA BRASILEIRO
5944;IND;;2877;1993;AO SR. PREFEITO ASSUNTO: PLACAS INDICATIVAS PARA CIDADE SATÉLITE A.R. DE SÃO MATHEUS.;;PLACA INFORMATIVASINALIZACAO DE TRANSITO;;AR-SM;CIDADE SATELITE SANTA BAR;ARCHIBALDO FENICIO ZANCRA;PARTIDO LIBERAL
5996;IND;;2929;1993;AO SR. PREFEITO ASSUNTO: PAVIMENTAÇÃO ASFÁLTICA DA RUA PARTICULAR, JD. FANGANIELLI.;;RUA PARTICULAR/PAVIMENTACAOGUAIANASES;;AR-IQ;JARDIM FANGANIELLO;JOSE VIVIANI FERRAZ;PARTIDO LIBERAL
5998;IND;;2931;1993;AO EXECUTIVO MUNICIPAL ASSUNTO: CANALIZAÇÃO DO CÓRREGO ALVINA NO JARDIM SANTA CRUZ.;;CORREGO ALVINACANALIZACAO DE CORREGO;;AR-FO;JARDIM SANTA CRUZ (AR-FO);HANNA GHARIB;PARTIDO PROGRESSISTA BRASILEIRO
6008;IND;;2941;1993;SR. PREFEITO ILUMINACAO NA RUA PARTICULAR, BAIRRO DE V. NILO, AR/ST;;RUA PARTICULARILUMINACAO PUBLICA;;AR-ST;VILA NILO;JOSE COSME LOPES LIMA;PARTIDO PROGRESSISTA BRASILEIRO
6022;IND;;2955;1993;SR. PREFEITO / EXTENSAO DA REDE DE AGUA PARA A RUA PARTICULAR, VILA NILO, AR/ST;;RUA PARTICULARREDE DE AGUA;;AR-ST;VILA NILO;JOSE COSME LOPES LIMA;PARTIDO PROGRESSISTA BRASILEIRO
6026;IND;;2959;1993;SR. PREFEITO / LIMPEZA PUBLICA DAS VIDAS DA CIDADE TIRADENTES, AR GUAIANAZES;;LIMPEZA PUBLICA;;AR-IQ;CIDADE TIRADENTES;ARNALDO DE ABREU MADEIRA;PARTIDO DA SOCIAL DEMOCRACIA BRASILEIRA
6130;IND;;3063;1993;AO SR. PREFEITO ASSUNTO: LIMPEZA DE CÓRREGO, LOCAL: ÁGUA PODRE BAIRRO: RIO PEQUENO.;;LIMPEZA DE CORREGORIO PEQUENO;;AR-BT;AGUA PODRE (BAIRRO);WADIH JORGE MUTRAN;PARTIDO DEMOCRATICO TRABALHISTA
6143;IND;;3076;1993;AO SR. PREFEITO ASSUNTO: CANALIZAÇÃO DE CÓRREGO, LOCAL: CÓRREGO ÁGUA VERMELHA, BAIRRO: VILA INDUSTRIAL.;;CANALIZACAO DE CORREGOCORREGO AGUA VERMELHA (AR-VP);;AR-VP;VILA INDUSTRIAL;WADIH JORGE MUTRAN;PARTIDO DEMOCRATICO TRABALHISTA
6144;IND;;3077;1993;AO SR. PREFEITO ASSUNTO: CONCLUSÃO DE CRECHE, LOCAL: CRECHE DO PARQUE STA. MADALENA, BAIRRO: PARQUE STA. MADALENA.;;CRECHECRECHE MUNICIPAL PARQUE SANTA MADALENA;;AR-VP;PARQUE SANTA MADALENA;WADIH JORGE MUTRAN;PARTIDO DEMOCRATICO TRABALHISTA
6146;IND;;3079;1993;AO SR. PREFEITO ASSUNTO: CONSTRUÇÃO DE ESCOLA, LOCAL: BAIRRO ALTOS DE VILA PRUDENTE, BAIRRO: ALTOS DE VILA PRUDENTE.;;ESCOLA MUNICIPAL;;AR-VP;ALTOS DE VILA PRUDENTE;WADIH JORGE MUTRAN;PARTIDO DEMOCRATICO TRABALHISTA
6152;IND;;3085;1993;AO SR. PREFEITO ASSUNTO: RESTAURAÇÃO DE CERCAS, LOCAL: CREMATÓRIO DE VILA ALPINA.;;CERCACREMATORIO;;AR-VP;VILA ALPINA;WADIH JORGE MUTRAN;PARTIDO DEMOCRATICO TRABALHISTA
6153;IND;;3086;1993;AO SR. PREFEITO ASSUNTO: ARBORIZAÇÃO E PLANTIO DE GRAMA, LOCAL: CREMATÓRIO DE VILA ALPINA.;;GRAMA/ARBORIZACAOCREMATORIO;;AR-VP;VILA ALPINA;WADIH JORGE MUTRAN;PARTIDO DEMOCRATICO TRABALHISTA
6163;IND;;3096;1993;SR. PREFEITO VARRICAO DAS RUAS DA VILA PALMEIRAS, VILA PALMEIRA S, AR/FO;;VARRICAO;;AR-FO;VILA PALMEIRA;WADIH JORGE MUTRAN;PARTIDO DEMOCRATICO TRABALHISTA
6189;IND;;3122;1993;SR. PREFEITO LIMPEZA DE MATOS ALTOS DAS MARGES DO CORREGO DO TI JUCO PRETO, JD. DAS OLIVEIRAS, ITAIM PAULISTA;;CAPINA/ITAIM PAULISTACORREGO TIJUCO PRETO;;AR-MP;JARDIM DAS OLIVEIRAS (AR-;MANOEL DE OLIVEIRA SALA;PARTIDO PROGRESSISTA BRASILEIRO
6190;IND;;3123;1993;SR. PREFEITO LIMPEZA DE MATOS ALTOS DAS MARGENS DO CORREGO LAGE ADO, JD. CAMPOS, ITAIM PAULISTA;;ITAIM PAULISTA/CAPINACORREGO LAJEADO;;AR-MP;JARDIM CAMPOS;MANOEL DE OLIVEIRA SALA;PARTIDO PROGRESSISTA BRASILEIRO
6203;IND;;3136;1993;SR. PREFEITO IMPLANTACAO DE BIBLIOTECAS PUBLICAS E INFANTO JUVE NIS NA ZONA NORTE, JD. TREMEMBE, JACANA E VILA MAZZEI;;BIBLIOTECA PUBLICA/JACANABIBLIOTECA INFANTO JUVENIL;;;VILA MAZZEI;JOSE COSME LOPES LIMA;PARTIDO PROGRESSISTA BRASILEIRO
6237;IND;;3170;1993;AO SR. PREFEITO ASSUNTO: CONSTRUÇÃO DE POSTO DE SAÚDE, LOCAL: EM ÁREA DISPONIVEL PERTENCENTE AO MUNICÍPIO, BAIRRO: JD. LUCÉLIA CAPELA DO SOCORRO.;;POSTO DE SAUDE;;AR-CS;JARDIM LUCELIA;DALMO PESSOA DE ALMEIDA;PART.DO MOVIMENTO DEMOCRATICO BRASILEIRO
6258;IND;;3191;1993;AO SR. PREFEITO ASSUNTO: IMPLANTAR UMA BIBLIOTECA PÚBLICA NO BAIRRO DE VILA NOVA CACHOEIRINHA.;;BIBLIOTECA PUBLICA;;AR-FO;VILA NOVA CACHOEIRINHA;JOSE VIVIANI FERRAZ;PARTIDO LIBERAL
6259;IND;;3192;1993;AO SR. PREFEITO ASSUNTO: IMPLANTAR UMA BIBLIOTECA PÚBLICA NO BAIRRO DE PERUS.;;BIBLIOTECA PUBLICA;;AR-PR;PERUS (BAIRRO);JOSE VIVIANI FERRAZ;PARTIDO LIBERAL
6260;IND;;3193;1993;AO SR. PREFEITO ASSUNTO: IMPLANTAÇÃO EM PERUS DE ÁREA DESTINADA À CONSTRUÇÃO DE UM CENTRO INDUSTRIAL NÃO POLUENTE, PARA CRIAR-SE FRENTES DE TRABALHO.;;CENTRO INDUSTRIAL DO DISTRITO DE PERUSINDUSTRIA/MERCADO DE TRABALHO;;;PERUS (BAIRRO);JOSE VIVIANI FERRAZ;PARTIDO LIBERAL
6269;IND;;3202;1993;SR. PRFEITO CONSTRUCAO DE UM POSTO DE SAUDE MUNICIPAL, PARA OS MORADORES DO JD. ELISA MARIA, V.N.CACHOEIRINHA;;VILA NOVA CACHOEIRINHAPOSTO DE SAUDE;;AR-FO;JARDIM ELISA MARIA;MANOEL DE OLIVEIRA SALA;PARTIDO PROGRESSISTA BRASILEIRO
6271;IND;;3204;1993;SR. PREFEITO CONSTRUCAO DE UMA CRECHE, PARA OS MORADORES DO JD. ELISA MARIA, NA V.N.CACHOEIRINHA;;CRECHEJARDIM ELISA MARIA;;AR-FO;VILA NOVA CACHOEIRINHA;MANOEL DE OLIVEIRA SALA;PARTIDO PROGRESSISTA BRASILEIRO
6272;IND;;3205;1993;SR. PREFEITO CONSTRUCAO DE UM CENTRO DA JUVENTUDE, PARA O JD. ELISA MARIA, V.N.CACHOEIRINHA;;JARDIM ELISA MARIACENTRO DA JUVENTUDE;;AR-FO;VILA NOVA CACHOEIRINHA;MANOEL DE OLIVEIRA SALA;PARTIDO PROGRESSISTA BRASILEIRO
6277;IND;;3210;1993;SR. PREFEITO IMPLANTACAO DE UM SACOLAO MUNICIPAL, PARA VILA SIL VIA, NO ERMELINO MATARAZZO;;ERMELINO MATARAZZOSACOLAO;;AR-PE;VILA SILVIA;MANOEL DE OLIVEIRA SALA;PARTIDO PROGRESSISTA BRASILEIRO
6278;IND;;3211;1993;SR. PREFEITO IMPLANTACAO DE UM SACOLAO MUNICIPAL, PARA JD. ELISA MARIA, V.N.CACHOEIRINHA;;VILA NOVA CACHOEIRINHASACOLAO;;AR-FO;JARDIM ELISA MARIA;MANOEL DE OLIVEIRA SALA;PARTIDO PROGRESSISTA BRASILEIRO
6337;IND;;3270;1993;SR. PREFEITO CONSTRUCAO DE UMA CRECHE PARA OS MORADORES DO JD. MAGDALENA II;;CRECHE;;AR-CL;JARDIM MADALENA II;MANOEL DE OLIVEIRA SALA;PARTIDO PROGRESSISTA BRASILEIRO
6347;IND;;3280;1993;AO PRESIDENTE DA SABESP ASSUNTO: PROLONGAMENTO DA REDE DE ÁGUA, NO JARDIM PAULISTA II VILA BRASILÂNDIA.;;REDE DE AGUAVILA BRASILANDIA;;AR-FO;JARDIM PAULISTANO II;JOSE VIVIANI FERRAZ;PARTIDO LIBERAL
6361;IND;;3294;1993;AO SR. PREFEITO ASSUNTO: CONSTRUÇÃO DE UMA ESCOLA MUNICIPAL DE EDUCAÇÃO INFANTIL, PARA O MORADORES, DO JD. MAGDALENA II.;;ESCOLA MUNICIPAL DE EDUCACAO INFANTIL;;AR-CL;JARDIM MADALENA II;MANOEL DE OLIVEIRA SALA;PARTIDO PROGRESSISTA BRASILEIRO
6362;IND;;3295;1993;AO SR. PREFEITO ASSUNTO: IMPLANTAÇÃO DE UM SACOLÃO MUNICIPAL, PARA O JD. MAGDALENA II.;;SACOLAO;;AR-CL;JARDIM MADALENA II;MANOEL DE OLIVEIRA SALA;PARTIDO PROGRESSISTA BRASILEIRO
6363;IND;;3296;1993;AO SR. PREFEITO ASSUNTO: CONSTRUÇÃO DE UM CENTRO DE JUVENTUDE PARA OS MORADORES DO JD. MAGDALENA II.;;CENTRO DA JUVENTUDE;;AR-CL;JARDIM MADALENA II;MANOEL DE OLIVEIRA SALA;PARTIDO PROGRESSISTA BRASILEIRO
6364;IND;;3297;1993;AO SR. PREFEITO ASSUNTO: CONSTRUÇÃO DE UM CENTRO DE CONVIVÊNCIA PARA OS MORADORES DO JD. MAGDALENA II.;;CENTRO DE CONVIVENCIA;;AR-CL;JARDIM MADALENA II;MANOEL DE OLIVEIRA SALA;PARTIDO PROGRESSISTA BRASILEIRO
6365;IND;;3298;1993;AO SR. PREFEITO ASSUNTO: CONSTRUÇÃO DE UM CAMPO DE FUTEBOL, NA ÁREA DO MUNICIPIO QUE FICA LOCALIZADO ENTRE AS RUAS PARTICULARES, TRAVESSA DA RUA CHICO MENDES E RUA SÃO JORGE, BAIRRO VILA SANTANA DO AGRESTE, JD. CAMARGO VELHO, ITAIM PAULISTA.;;ITAIM PAULISTA/AREA MUNICIPALCAMPO DE FUTEBOL;;;JARDIM CAMARGO VELHO;MANOEL DE OLIVEIRA SALA;PARTIDO PROGRESSISTA BRASILEIRO
6373;IND;;3306;1993;AO SR. PREFEITO ASSUNTO: IMPLANTAÇÃO DE UM SACOLÃO MUNICIPAL, PARA OS MORADORES DO JD. ELBA.;;SACOLAOSAPOPEMBA;;AR-VP;JARDIM ELBA;MANOEL DE OLIVEIRA SALA;PARTIDO PROGRESSISTA BRASILEIRO
6374;IND;;3307;1993;AO SR. PREFEITO ASSUNTO: CONSTRUÇÃO DE UMA CRECHE PARA OS MORADORES DO JD. ELBA SAPOPEMBA.;;CRECHESAPOPEMBA;;AR-VP;JARDIM ELBA;MANOEL DE OLIVEIRA SALA;PARTIDO PROGRESSISTA BRASILEIRO
6375;IND;;3308;1993;AO SR. PREFEITO ASSUNTO: CONSTRUÇÃO DE UMA ESCOLA MUNICIPAL DE EDUCAÇÃO INFANTIL, DO JD. ELBA.;;ESCOLA MUNICIPAL DE EDUCACAO INFANTILSAPOPEMBA;;AR-VP;JARDIM ELBA;MANOEL DE OLIVEIRA SALA;PARTIDO PROGRESSISTA BRASILEIRO
6380;IND;;3313;1993;AO SR. PREFEITO ASSUNTO: DESRATIZAÇÃO DO CÓRREGO RIACHO DOS MACHADOS JD. ITAPÓLIS.;;DESRATIZACAORIACHO DOS MACHADOS;;AR-SM;JARDIM ITAPOLIS;MANOEL DE OLIVEIRA SALA;PARTIDO PROGRESSISTA BRASILEIRO
6433;IND;;3366;1993;AO SR. DIRETOR REGIONAL DA EMPRESA BRASILEIRA DE CORREIOS E TELEGRAFOS ASSUNTO: VOLTA DOS CORREIOS E TELEGRAFOS PARA O BAIRRO DE VILA MEDEIROS.;;AGENCIA POSTALEMPRESA BRASILEIRA DE CORREIOS E TELEGRAFOS - EBCT;;AR-MG;VILA MEDEIROS;JOSE VIVIANI FERRAZ;PARTIDO LIBERAL
6488;IND;;3421;1993;SR. PREFEITO RESTITUIR A LINHA DE ONIBUS DA EMPRESA PARADA IN GLESA, LINHA PARQUE NOVO MUNDO, 271M, CODIGO DE FISCALIZACAO 21, ITINERARIO IDA SANTANA E VOLTA PARQUE NOVO MUNDO;;ESTACAO DE METRO SANTANA/ONIBUSLINHA DE ONIBUS 271M;;;PARQUE NOVO MUNDO;EDER JOFRE;PARTIDO DA SOCIAL DEMOCRACIA BRASILEIRA
6490;IND;;3423;1993;"AO SR. PREFEITO ASSUNTO: REVISÃO DOS LEITOS CARROCÁVEIS, LOCAL: VILA DIVA, BAIRRO; VILA DIVA.";;AR-MO/BURACOPAVIMENTACAO;;AR-VP;VILA DIVA (AR-MO);JOSE FERREIRA DO NASCIMENTO;PARTIDO PROGRESSISTA BRASILEIRO
6529;IND;;3462;1993;AO SR. PREFEITO ASSUNTO:CRIAÇÃO DE UMA LINHA DE ÔNIBUS QUE SIRVA A PARTIR DO TERNINAL DE VILA NOVA CACHOEIRINHA, PASSANDO PELO HOSPITAL DAS CLÍNICAS.;;TERMINAL DE ONIBUS VILA NOVA CACHOEIRINHAONIBUS/LINHA DE ONIBUS/HOSPITAL DAS CLINICAS;;;VILA NOVA CACHOEIRINHA;HANNA GHARIB;PARTIDO PROGRESSISTA BRASILEIRO
6669;IND;;3602;1993;AO SR. PREFEITO ASSUNTO: CONSTRUÇÃO DE UM POSTO DE SAÚDE, PARA OS MORADORES DO JD. UBIRAJARA SANTO AMARO.;;POSTO DE SAUDE;;AR-SA;JARDIM UBIRAJARA (AR-SA);MANOEL DE OLIVEIRA SALA;PARTIDO PROGRESSISTA BRASILEIRO
6670;IND;;3603;1993;AO SR. PREFEITO ASSUNTO: CONSTRUÇÃO DE UMA CRECHE, PARA OS MORADORES DO JD. UBIRAJARA, SANTO AMARO.;;CRECHE;;AR-SA;JARDIM UBIRAJARA (AR-SA);JOSE COSME LOPES LIMA;PARTIDO PROGRESSISTA BRASILEIRO
6675;IND;;3608;1993;AO SR. PREFEITO ASSUNTO: CONSTRUÇÃO DE UMA CRECHE,PARA OS MORADORES DO JD. PARAGUASSÚ.;;CRECHE;;AR-SM;JARDIM PARAGUACU;MANOEL DE OLIVEIRA SALA;PARTIDO PROGRESSISTA BRASILEIRO
6678;IND;;3611;1993;AO SR. PREFEITO ASSUNTO. CONSTRUÇÃO DE UMA ESCOLA MUNICIPAL DE EDUCAÇÃO INFANTIL, PARA OS MORADORES, DO JD. PARAGUASSÚ.;;ESCOLA MUNICIPAL DE EDUCACAO INFANTIL;;AR-SM;JARDIM PARAGUACU;MANOEL DE OLIVEIRA SALA;PARTIDO PROGRESSISTA BRASILEIRO
6686;IND;;3619;1993;SR. PREFEITO CONSTRUCAO DE UM CENTRO DA JUVENTUDE PARA OS MORADORES DO JD. UBIRAJARA, SANTO AMARO;;CENTRO DA JUVENTUDE;;AR-SA;JARDIM UBIRAJARA (AR-SA);MANOEL DE OLIVEIRA SALA;PARTIDO PROGRESSISTA BRASILEIRO
6692;IND;;3625;1993;SR. PREFEITO CONSTRUCAO DE UM POSTO DE SAUDE, PARA OS MORADORES DO JD. MAGDALENA II, SANTO AMARO;;POSTO DE SAUDE;;AR-CL;JARDIM MADALENA II;MANOEL DE OLIVEIRA SALA;PARTIDO PROGRESSISTA BRASILEIRO
6715;IND;;3648;1993;SR. PREFEITO IMPLANTAÇÃO DE UM SACOLÃO MUNICIPAL, PARA OS MORADORES DO JD. UBIRAJARA, SANTO AMARO;;SACOLAO;;AR-SA;JARDIM UBIRAJARA (AR-SA);MANOEL DE OLIVEIRA SALA;PARTIDO PROGRESSISTA BRASILEIRO
6716;IND;;3649;1993;SR. PREFEITO IMPLANTAÇÃO DE UM SACOLÃO MUNICIPAL, PARA OS MORADORES DA V.ROSA, V.INDUSTRIAL;;VILA INDUSTRIALSACOLAO;;AR-VP;VILA ROSICLER;MANOEL DE OLIVEIRA SALA;PARTIDO PROGRESSISTA BRASILEIRO
6717;IND;;3650;1993;SR. PREFEITO _ CONSTRUÇÃO DE UMA CRECHE PARA OS MORADORES DA V.RO SA/V.INDUSTRIAL;;VILA INDUSTRIALCRECHE;;AR-VP;VILA ROSICLER;MANOEL DE OLIVEIRA SALA;PARTIDO PROGRESSISTA BRASILEIRO
6726;IND;;3659;1993;"SR. PREFEITO CONSTRUÇÃO DE UM ""POSTO DE SAÚDE"", PARA OS MORADORES DE V.ROSA/V.INDUSTRIAL";;POSTO DE SAUDEVILA ROSICLER;;AR-VP;VILA INDUSTRIAL;MANOEL DE OLIVEIRA SALA;PARTIDO PROGRESSISTA BRASILEIRO
6776;IND;;3709;1993;AO SR. PREFEITO ASSUNTO: ILUMINAÇÃO PÚBLICA NAS RUAS DO JARDIM CANAÃ, PERUS.;;PERUS (DISTRITO)ILUMINACAO PUBLICA;;AR-PR;JARDIM CANAA;JOSE COSME LOPES LIMA;PARTIDO PROGRESSISTA BRASILEIRO
6788;IND;;3721;1993;SR. PREFEITO ASFALTAMENTO DA RUA PROJETADA, ANTIGO CORREGO DAS LAVRINHAS NO BAIRRO DE VILA MAZZEI;;RUA PROJETADA/CORREGO LAVRINHASPAVIMENTACAO;;AR-ST;VILA MAZZEI;PAULO ROBERTO FARIA LIMA;PART.DO MOVIMENTO DEMOCRATICO BRASILEIRO
6813;IND;;3746;1993;SR. PREFEITO CONSTRUCAO DE UMA CRECHE MUNICIPAL, PARA OS MORADORES DA VILA ROSA/VILA INDUSTRIAL;;CRECHEVILA INDUSTRIAL;;AR-VP;VILA ROSICLER;MANOEL DE OLIVEIRA SALA;PARTIDO PROGRESSISTA BRASILEIRO
6818;IND;;3751;1993;AO SR. PREFEITO ASSUNTO: CANALIZAÇÃO DE CÓRREGO, LOCAL: CÓRREGO TABATINGUERA, BAIRRO: LIMÃO.;;CORREGO TABATINGUERACANALIZACAO DE CORREGO;;AR-FO;VILA DIVA (AR-FO);WADIH JORGE MUTRAN;PARTIDO DEMOCRATICO TRABALHISTA
6821;IND;;3754;1993;AO SR. PREFEITO ASSUNTO: VARRIÇÃO DE RUAS, LOCAL: BAIRRO DO LIMÃO.;;VARRICAOLIMPEZA PUBLICA;;AR-FO;LIMAO (BAIRRO);WADIH JORGE MUTRAN;PARTIDO DEMOCRATICO TRABALHISTA
6847;IND;;3780;1993;SR. PREFEITO CANALIZACAO DO CORREGO DA VILA IARA, EM PIRITUBA;;CORREGO DA VILA IARA/AR PIRITUBA/JARAGUACANALIZACAO DE CORREGO;;;VILA IARA;OSVALDO GIANNOTTI;PARTIDO PROGRESSISTA BRASILEIRO
6862;IND;;3795;1993;À SECRETARIA MUNICIPAL DE TRANSPORTES SOLICITANDO A REALIZAÇÃO DE ESTUDOS TÉCNICOS COM A FINALIDADE DE SER PROLONGADO ATÉ O CENTRO PRAÇA RAMOS DE AZEVEDO OU PRAÇA DA BANDEIRA, A LINHA DE ÔNIBUS 7043 JD. UMARIZAL/PINHEIROS.;;PINHEIROS/ITINERARIO DE ONIBUS/ZONA CENTRALLINHA DE ONIBUS 7043;;;JARDIM UMARIZAL;ANTONIO SAMPAIO;PARTIDO PROGRESSISTA REFORMADOR
6867;IND;;3800;1993;SR. PREFEITO IMPLANTACAO OU EXTENSAO DE LINHA DE ONIBUS QUE LIGUE O JD. IPANEMA/JARAGUA, AO HOSPITAL DAS CLINICAS, PASSANDO PE LO CENTRO DO BAIRRO DE PINHEIROS;;HOSPITAL DAS CLINICAS/LINHA DE ONIBUS/PINHEIROSITINERARIO DE ONIBUS;;;JARDIM IPANEMA (AR-PJ);ANTONIO SAMPAIO;PARTIDO PROGRESSISTA REFORMADOR
6889;IND;;3822;1993;AO SR. PREFEITO ASSUNTO: CANALIZAÇÃO DO CÓRREGO IARA, NO BAIRRO DE VILA IARA.;;MELHORAMENTO URBANO/CANALIZACAO DE CORREGOCORREGO DA VILA IARA;;AR-FO;VILA IARA;ZULAIE COBRA RIBEIRO;PARTIDO DA SOCIAL DEMOCRACIA BRASILEIRA
6890;IND;;3823;1993;AO SR. PRESIDENTE DA COMPANHIA DE TRANSPORTES URBANOS, A URGENTE NECESSIDADE DE FISCALIZAÇÃO BEM COMO DE MELHORIA DAS CONDIÇÕES DOS ÔNIBUS QUE FAZEM A LINHA MONTE KEMEL ESTAÇÃO DA LUZ.;;LINHA DE ONIBUS 6247/VIACAO SAO BENTOFISCALIZACAO DE ONIBUS;;;JARDIM MONTE KEMEL;ZULAIE COBRA RIBEIRO;PARTIDO DA SOCIAL DEMOCRACIA BRASILEIRA
6907;IND;;3840;1993;AO SR. PREFEITO ASSUNTO:CONTRUÇÃO DE CRECHE, NA CHÁCARA SANTO ANTONIO STO. AMARO.;;CRECHE;;AR-SA;CHACARA SANTO ANTONIO (AR;ANTONIO CARLOS CARUSO;PART.DO MOVIMENTO DEMOCRATICO BRASILEIRO
6909;IND;;3842;1993;AO SR. PREFEITO ASSUNTO: CONSTRUÇÃO DE ESCOLA MUNICIPAL DE EDUCAÇÃO INFANTIL, STO AMARO.;;ESCOLA MUNICIPAL DE EDUCACAO INFANTIL;;AR-SA;CHACARA SANTO ANTONIO (AR;ANTONIO CARLOS CARUSO;PART.DO MOVIMENTO DEMOCRATICO BRASILEIRO
7042;IND;;3975;1993;SABESP REDE DE ESGOTO NAS RUAS DO JD. TEXTIL, V. CARRAO, AR/MO;;REDE DE ESGOTOJARDIM TEXTIL;;AR-MO;VILA CARRAO;WADIH JORGE MUTRAN;PARTIDO DEMOCRATICO TRABALHISTA
7047;IND;;3980;1993;SR. PREFEITO CONSTRUCAO DE PRONTO-SOCORRO, BAIRRO DE V. CARRAO, V. CARRAO, AR/MO;;PRONTO SOCORRO;;AR-MO;VILA CARRAO;WADIH JORGE MUTRAN;PARTIDO DEMOCRATICO TRABALHISTA
7048;IND;;3981;1993;SR. PREFEITO CANALIZACAO DO CORREGO DA RAPADURA, V. CARRAO, AR. /MO;;CORREGO RAPADURACANALIZACAO DE CORREGO;;AR-MO;VILA CARRAO;WADIH JORGE MUTRAN;PARTIDO DEMOCRATICO TRABALHISTA
7052;IND;;3985;1993;SR. PREFEITO ASFALTO NAS RUAS DO JD. TEXTIL, V. CARRAO, AR/MO;;PAVIMENTACAOVILA CARRAO;;AR-MO;JARDIM TEXTIL;WADIH JORGE MUTRAN;PARTIDO DEMOCRATICO TRABALHISTA
7057;IND;;3990;1993;AO SR. PREFEITO ASSUNTO: VARRIÇÃO DE RUA, LOCAL: RUAS DA VILA CARRÃO.;;VARRICAO;;AR-MO;VILA CARRAO;WADIH JORGE MUTRAN;PARTIDO DEMOCRATICO TRABALHISTA
7174;IND;;4107;1993;SR. PREFEITO IMPLANTACAO DE PISTAS DE COOPER EM TODAS AS PRACAS JARDINS E PARQUES DA CIDADE DE SAO PAULO;;JARDIM/PISTA DE COOPERPRACA;;;PARQUE;JOSE COSME LOPES LIMA;PARTIDO PROGRESSISTA BRASILEIRO
7186;IND;;4119;1993;SR. PREFEITO CANALIZACAO DO CORREGO PONTE BAIXA, AR/CL;;CANALIZACAO DE CORREGO/CORREGO PONTE BAIXAJARDIM SANTA JOSEFINA;;;JARDIM VERGUEIRO (AR-CL);EDIVALDO ALVES ESTIMA;PARTIDO POPULAR SOCIALISTA
7197;IND;;4130;1993;SR. PREFEITO CONSTRUCAO DE UMA CRECHE NO JD. PROGRESSO, SANTO AMARO;;CRECHE;;AR-CS;JARDIM PROGRESSO;OSVALDO GIANNOTTI;PARTIDO PROGRESSISTA BRASILEIRO
7198;IND;;4131;1993;SR. PREFEITO CONSTRUCAO DE UMA PONTE SOBRE O CORREGO ARAGUAVA, NO JD. AFONSO, SANTO AMARO;;CORREGO ARAGUAVAPONTE;;AR-CS;JARDIM PAULO AFONSO;OSVALDO GIANNOTTI;PARTIDO PROGRESSISTA BRASILEIRO
7200;IND;;4133;1993;SR. PREFEITO CONSTRUCAO DE UMA CRECHE NA V. ROSCHEL, SANTO AMARO;;CRECHE;;AR-CS;VILA ROSCHEL;OSVALDO GIANNOTTI;PARTIDO PROGRESSISTA BRASILEIRO
7213;IND;;4146;1993;AO SR. PREFEITO ASSUNTO: LIMPEZA DE RUAS, LOCAL: VILA MARCELO BAIRRO: VILA MARCELO.;;LIMPEZA PUBLICA;;AR-CS;VILA MARCELO;WADIH JORGE MUTRAN;PARTIDO DEMOCRATICO TRABALHISTA
7217;IND;;4150;1993;AO SR. PREFEITO ASSUNTO: CONSTRUÇÃO DE UMA CRECHE, LOCAL: VILA MARCELO.;;CRECHE;;AR-CS;VILA MARCELO;WADIH JORGE MUTRAN;PARTIDO DEMOCRATICO TRABALHISTA
7220;IND;;4153;1993;AO SR. PREFEITO ASSUNTO: CONSTRUÇÃO DE UMA CRECHE, LOCAL: JD. PROGRESSO.;;CRECHE;;AR-CS;JARDIM PROGRESSO;WADIH JORGE MUTRAN;PARTIDO DEMOCRATICO TRABALHISTA
7221;IND;;4154;1993;AO SR. PREFEITO ASSUNTO: CONSTRUÇÃO DE UMA CRECHE, LOCAL: VILA ROSCHEL.;;CRECHE;;AR-CS;VILA ROSCHEL;WADIH JORGE MUTRAN;PARTIDO DEMOCRATICO TRABALHISTA
7225;IND;;4158;1993;AO SR. PREFEITO ASSUNTO: COLETA DE LIXO, LOCAL: JD. PROGRESSO.;;COLETA DE LIXO;;AR-CS;JARDIM PROGRESSO;WADIH JORGE MUTRAN;PARTIDO DEMOCRATICO TRABALHISTA
7226;IND;;4159;1993;AO SR. PREFEITO ASSUNTO: CONSTRUÇÃO DE UMA CRECHE, LOCAL: JD. STA. TEREZINHA.;;CRECHE;;AR-CS;JARDIM SANTA TERESINHA (A;WADIH JORGE MUTRAN;PARTIDO DEMOCRATICO TRABALHISTA
7228;IND;;4161;1993;AO SR. PREFEITO ASSUNTO: CONSTRUÇÃO DE ESCOLA, LOCAL: RUA PROGRESSO.;;ESCOLA MUNICIPAL;;AR-CS;JARDIM PROGRESSO;WADIH JORGE MUTRAN;PARTIDO DEMOCRATICO TRABALHISTA
7229;IND;;4162;1993;AO SR. PREFEITO ASSUNTO: CONSTRUÇÃO DE UMA ESCOLA, LOCAL: JD. STA. TEREZINHA.;;ESCOLA MUNICIPAL;;AR-CS;JARDIM SANTA TERESINHA (A;WADIH JORGE MUTRAN;PARTIDO DEMOCRATICO TRABALHISTA
7230;IND;;4163;1993;AO SR. PREFEITO ASSUNTO. CONSTRUÇÃO DE UMA ESCOLA, LOCAL: JD. NICOLAU.;;ESCOLA MUNICIPAL;;AR-CS;JARDIM SAO NICOLAU (AR-CS;WADIH JORGE MUTRAN;PARTIDO DEMOCRATICO TRABALHISTA
7260;IND;;4193;1993;AO SR. PREFEITO ASSUNTO: CONSTRUÇÃO DE CRECHE, BAIRRO:JD. JARAGUÁ.;;CRECHE;;AR-PR;JARDIM JARAGUA (AR-PR);JOSE COSME LOPES LIMA;PARTIDO PROGRESSISTA BRASILEIRO
7261;IND;;4194;1993;AO SR. PREFEITO ASSUNTO: CONSTRUÇÃO DE POSTO DE SAÚDE, BAIRRO: JD. JARAGUÁ.;;POSTO DE SAUDE;;AR-PR;JARDIM JARAGUA (AR-PR);JOSE COSME LOPES LIMA;PARTIDO PROGRESSISTA BRASILEIRO
7296;IND;;4229;1993;SR. PREFEITO CONSTRUÇÃO DE UMA CRECHE PARA PODER ATENDER OS MO RADORES DO JD. CONSÓRCIO, EM STO. AMARO;;CRECHE;;AR-SA;JARDIM CONSORCIO;MANOEL DE OLIVEIRA SALA;PARTIDO PROGRESSISTA BRASILEIRO
7297;IND;;4230;1993;SR. PREFEITO CONSTRUÇÃO DE UM CENTRO DA JUVENTUDE, PARA PODER ATENDER OS MORADORES DO JD. CONSÓRCIO, EM STO. AMARO;;CENTRO DA JUVENTUDE;;AR-SA;JARDIM CONSORCIO;MANOEL DE OLIVEIRA SALA;PARTIDO PROGRESSISTA BRASILEIRO
7298;IND;;4231;1993;SR. PREFEITO CONSTRUÇÃO DE UMA ESCOLA MUNICIPAL DE EDUCAÇÃO INFANTIL, PARA PODER ATENDER OS MORADORES DO JD. CONSÓRCIO, EM SANTO AMARO;;ESCOLA MUNICIPAL DE EDUCACAO INFANTIL;;AR-SA;JARDIM CONSORCIO;MANOEL DE OLIVEIRA SALA;PARTIDO PROGRESSISTA BRASILEIRO
7299;IND;;4232;1993;AO SR. PREFEITO ASSUNTO: CONSTRUÇÃO DE UM POSTO DE SAÚDE PARA O BAIRRO JD. CONSÓRCIO, STO AMARO.;;POSTO DE SAUDE;;AR-SA;JARDIM CONSORCIO;MANOEL DE OLIVEIRA SALA;PARTIDO PROGRESSISTA BRASILEIRO
7300;IND;;4233;1993;AO SR. PREFEITO ASSUNTO: IMPLANTAÇÃO DE UM SACOLÃO MUNICIPAL, PARA MORADORES DO JD. CONSÓRCIO STO AMARO.;;SACOLAO;;AR-SA;JARDIM CONSORCIO;MANOEL DE OLIVEIRA SALA;PARTIDO PROGRESSISTA BRASILEIRO
7343;IND;;4276;1993;SR. PREFEITO / INSTALACAO DE UM CENTRO DE PROTECAO AO ADOLESCENTE NOS JARDINS GUARAU E GONCALVES CENTENO;;ADOLESCENTECENTRO DE APOIO AO ADOLESCENTE;;AR-FO;JARDIM GONCALVES CENTENO;HANNA GHARIB;PARTIDO PROGRESSISTA BRASILEIRO
7383;IND;;4316;1993;AO SR. PREFEITO ASSUNTO: CONSTRUÇÃO DE CRECHE, BAIRRO: CIDADE DUTRA.;;CRECHE;;AR-CS;CIDADE DUTRA;ANTONIO CARLOS CARUSO;PART.DO MOVIMENTO DEMOCRATICO BRASILEIRO
7423;IND;;4356;1993;SR. PREFEITO COLOCAÇÃO DE QUATRO LIXEIRAS COLETIVAS PARA O BAIR RO V.SANTANA DO AGRESTE, JD. CAMARGO VELHO, ITAIM PAULISTA;;VILA SANTANA DO AGRESTELIXEIRA;;AR-MP;JARDIM CAMARGO VELHO;MANOEL DE OLIVEIRA SALA;PARTIDO PROGRESSISTA BRASILEIRO
7426;IND;;4359;1993;SR. PREFEITO CONSTRUÇÃO DE UM CENTRO DA JUVENTUDE, PARA PODER ATENDER OS MORADORES CHÁCARA DONA OLIVIA, JD. CAMARGO VELHO, ITAIM PAULISTA;;CENTRO DA JUVENTUDE;;AR-MP;CHACARA DONA OLIVIA;MANOEL DE OLIVEIRA SALA;PARTIDO PROGRESSISTA BRASILEIRO
7430;IND;;4363;1993;SR. PREFEITO CONSTRUÇÃO DE UM POSTO DE SAUDE, PARA PODER ATEN DEROS MORADORES DA CHÁCARA DONA OLIVIA, JD. CAMARGO VELHO, ITAIM PAULISTA;;CHACARA DONA OLIVIAPOSTO DE SAUDE;;AR-MP;JARDIM CAMARGO VELHO;MANOEL DE OLIVEIRA SALA;PARTIDO PROGRESSISTA BRASILEIRO
7486;IND;;4419;1993;SR. PREFEITO INSTALAÇÃO DE UM POSTO DE SAÚDE NA REGIÃO DO JD.PE RY ALTO, AR/FÓ;;POSTO DE SAUDE;;AR-FO;JARDIM PERI;HANNA GHARIB;PARTIDO PROGRESSISTA BRASILEIRO
7513;IND;;4446;1993;SR. PREFEITO CONSTRUÇÃO DE ESCOLA DE 1. GRAU, JD. PIRITUBA, AR/ PJ;;ESCOLA MUNICIPAL DE PRIMEIRO GRAUAR PIRITUBA/JARAGUA;;;JARDIM PIRITUBA;JOSE COSME LOPES LIMA;PARTIDO PROGRESSISTA BRASILEIRO
7529;IND;;4462;1993;SR. PREFEITO CANALIZAÇÃO DO CÓRREGO DO BALNEÁRIO SÃO FRANCISCO, JD. STA. AMÉLIA, AR/SA;;BALNEARIO SAO FRANCISCO/CANALIZACAO DE CORREGOCORREGO;;AR-SA;PARQUE SANTA AMELIA (AR-S;ANTONIO CARLOS CARUSO;PART.DO MOVIMENTO DEMOCRATICO BRASILEIRO
7548;IND;;4481;1993;SR. PREFEITO REVOGAÇÃO DA LEI 10.362 DE 18/09/87, QUE MODIFICA PARCIALMENTE O PLANO DE MELHORAMENTOS APROVADO PELA LEI 6.321,DE 07 DE JUNHO DE 1993,E DÁ OUTRAS PROVIDÊNCIAS;;IPIRANGA/MELHORAMENTO URBANO/LEI 10.362/87REVOGACAO DE LEI;;;VILA MARIANA;JOOJI HATO;PART.DO MOVIMENTO DEMOCRATICO BRASILEIRO
7560;IND;;4493;1993;SR. PREFEITO CONSTRUÇÃO DE UM CENTRO DA JUVENTUDE, PARA PODER ATENDER OS MORADORES DO JD. DUPRAT, PQ. STO. ANTONIO, CAMPO LIMPO SANTO AMARO;;CENTRO DA JUVENTUDEJARDIM DUPRAT;;AR-CL;PARQUE SANTO ANTONIO (AR-;MANOEL DE OLIVEIRA SALA;PARTIDO PROGRESSISTA BRASILEIRO
7562;IND;;4495;1993;SR. PREFEITO CONSTRUÇÃO DE UMA CRECHE, PARA PODER ATENDER OS MORADORES DO JD. DUPRAT, PQ. STO. ANTONIO, CAMPO LIMPO, SANTO AMA RO;;JARDIM DUPRATCRECHE;;AR-CL;PARQUE SANTO ANTONIO (AR-;MANOEL DE OLIVEIRA SALA;PARTIDO PROGRESSISTA BRASILEIRO
7570;IND;;4503;1993;AO SR. PREFEITO ASSUNTO: CONSTRUÇÃO DE UMA ESCOLA MUNICIPAL DE EDUCAÇÃO INFANTIL, PARA ATENDER OS MORADORES DO JD. STO ANTONIO, CAMPO LIMPO.;;JARDIM DUPRATESCOLA MUNICIPAL DE EDUCACAO INFANTIL;;AR-CL;PARQUE SANTO ANTONIO (AR-;MANOEL DE OLIVEIRA SALA;PARTIDO PROGRESSISTA BRASILEIRO
7577;IND;;4510;1993;AO SR. PREFEITO ASSUNTO: CONSTRUÇÃO DE UMA ESCOLA MUNICIPAL DE EDUCAÇÃO INFANTIL, PARA PODER ATENDER OS MORADORES STO AMARO.;;ESCOLA MUNICIPAL DE EDUCACAO INFANTIL;;AR-CL;PARQUE SANTO AMARO;MANOEL DE OLIVEIRA SALA;PARTIDO PROGRESSISTA BRASILEIRO
7578;IND;;4511;1993;AO SR. PREFEITO ASSUNTO: CONSTRUÇÃO DE UMA CRECHE, PARA PODER ATENDER OS MORADORES DO PARQUE STO ANTONIO.;;CRECHE;;AR-CL;PARQUE SANTO ANTONIO (AR-;MANOEL DE OLIVEIRA SALA;PARTIDO PROGRESSISTA BRASILEIRO
7579;IND;;4512;1993;AO SR. PREFEITO ASSUNTO: CONSTRUÇÃO DE UM CENTRO DE JUVENTUDE, PARA PODER ATENDER OS MORADORES DO PARQUE SANTO ANTONIO STO AMARO.;;CENTRO DA JUVENTUDE;;AR-CL;PARQUE SANTO ANTONIO (AR-;MANOEL DE OLIVEIRA SALA;PARTIDO PROGRESSISTA BRASILEIRO
7655;IND;;4588;1993;AO SR. PREFEITO ASSUNTO:IMPLANTAÇÃO DE REDE DE ESGOTO NO LOTEAMENTOJD. EUCALIPTOS .;;ASSOCIACAO AMIGOS DO BAIRRO JARDIM DOS EUCALIPTOSREDE DE ESGOTO;;AR-VP;JARDIM DOS EUCALIPTOS (AR;ARCHIBALDO FENICIO ZANCRA;PARTIDO LIBERAL
7681;IND;;4614;1993;AO SR. PREFEITO ASSUNTO: CONSTRUÇAÕ DE CRECHE, BAIRRO: JD. TURQUESA CAMPO LIMPO.;;CRECHE;;AR-CL;JARDIM TURQUESA;ANTONIO CARLOS CARUSO;PART.DO MOVIMENTO DEMOCRATICO BRASILEIRO
7693;IND;;4626;1993;SR. PREFEITO CONSTRUÇÃO DE UMA CRECHE PARA PODER ATENDER OS MO RADORES DO BAIRRO CIDADE JULIA, SANTO AMARO;;AR-SACRECHE;;AR-VM;CIDADE JULIA;MANOEL DE OLIVEIRA SALA;PARTIDO PROGRESSISTA BRASILEIRO
7694;IND;;4627;1993;SR. PREFEITO CONSTRUÇÃO DE UM CENTRO DA JUVENTUDE PARA PODER A TENDER OS MORADORES DO BAIRRO CIDADE JULIA, SANTO AMARO;;AR-SACENTRO DA JUVENTUDE;;AR-VM;CIDADE JULIA;MANOEL DE OLIVEIRA SALA;PARTIDO PROGRESSISTA BRASILEIRO
